ClassName,layer
com.itextpdf.text.ExceptionConverter,0
com.itextpdf.text.pdf.qrcode.Version,2
com.itextpdf.text.pdf.codec.wmf.MetaObject,0
com.itextpdf.text.pdf.codec.TiffWriter$FieldImage,2
com.itextpdf.text.pdf.parser.LocationTextExtractionStrategy,11
com.itextpdf.text.pdf.fonts.FontsResourceAnchor,0
com.itextpdf.text.pdf.parser.PdfContentStreamProcessor$SetTextWordSpacing,10
com.itextpdf.text.pdf.ArabicLigaturizer$charstruct,3
com.itextpdf.text.TextElementArray,3
com.itextpdf.text.pdf.CMapAwareDocumentFont,6
com.itextpdf.text.pdf.IntHashtable$Entry,3
com.itextpdf.text.pdf.internal.PdfXConformanceImp,3
com.itextpdf.text.pdf.PdfEncodings$SymbolConversion,3
com.itextpdf.text.pdf.ShadingColor,3
com.itextpdf.text.pdf.qrcode.BitArray,0
com.itextpdf.text.pdf.qrcode.ByteMatrix,0
com.itextpdf.text.html.simpleparser.ImageStore,4
com.itextpdf.text.pdf.parser.PdfContentStreamProcessor$PushGraphicsState,10
com.itextpdf.text.pdf.codec.TiffImage,3
com.itextpdf.text.xml.xmp.XmpReader,1
com.itextpdf.text.pdf.OcspClient,0
com.itextpdf.text.pdf.BarcodePostnet,5
com.itextpdf.text.exceptions.UnsupportedPdfException,1
com.itextpdf.text.pdf.CFFFont$UInt16Item,3
com.itextpdf.text.pdf.PdfOCG,3
com.itextpdf.text.html.simpleparser.ImageProvider,7
com.itextpdf.text.pdf.collection.PdfTargetDictionary,3
com.itextpdf.text.pdf.PdfFileSpecification,3
com.itextpdf.text.pdf.interfaces.PdfVersion,3
com.itextpdf.text.FontFactoryImp,3
com.itextpdf.text.pdf.richmedia.RichMediaParams,4
com.itextpdf.text.pdf.collection.PdfCollection,3
com.itextpdf.text.Section,3
com.itextpdf.text.xml.xmp.XmpBasicSchema,1
com.itextpdf.text.pdf.parser.TextRenderInfo,8
com.itextpdf.text.pdf.PdfLister,4
com.itextpdf.text.pdf.CFFFont$UInt32Item,3
com.itextpdf.text.pdf.PdfSignatureAppearance$RangeStream,5
com.itextpdf.text.Annotation,3
com.itextpdf.text.html.HtmlTags,0
com.itextpdf.text.pdf.crypto.IVGenerator,1
com.itextpdf.text.pdf.qrcode.MaskUtil,5
com.itextpdf.text.pdf.SequenceList,0
com.itextpdf.text.pdf.StampContent,3
com.itextpdf.text.pdf.PRTokeniser,3
com.itextpdf.text.pdf.PdfSignatureAppearance$1,5
com.itextpdf.text.pdf.codec.PngWriter,4
com.itextpdf.text.pdf.qrcode.ReedSolomonException,0
com.itextpdf.text.pdf.PdfNull,3
com.itextpdf.text.Anchor,3
com.itextpdf.text.pdf.BarcodePDF417,4
com.itextpdf.text.pdf.internal.PolylineShapeIterator,3
com.itextpdf.text.pdf.codec.TiffWriter,2
com.itextpdf.text.pdf.richmedia.RichMediaActivation,7
com.itextpdf.text.pdf.PdfBorderArray,3
com.itextpdf.text.html.simpleparser.StyleSheet,7
com.itextpdf.text.pdf.Barcode,4
com.itextpdf.text.pdf.PdfNumberTree,3
com.itextpdf.text.pdf.PdfGraphics2D$Kid,3
com.itextpdf.text.pdf.PdfLayerMembership,3
com.itextpdf.text.pdf.XfaForm$Xml2SomDatasets,3
com.itextpdf.text.pdf.PdfEncryption,3
com.itextpdf.text.pdf.CFFFont$UInt24Item,3
com.itextpdf.text.pdf.parser.XObjectDoHandler,10
com.itextpdf.text.error_messages.MessageLocalization,3
com.itextpdf.text.pdf.PdfCopy$PageStamp,4
com.itextpdf.text.pdf.PdfFormField,3
com.itextpdf.text.pdf.PdfResources,3
com.itextpdf.text.pdf.PdfDeveloperExtension,3
com.itextpdf.text.pdf.PdfColor,3
com.itextpdf.text.pdf.PdfReaderInstance,3
com.itextpdf.text.pdf.BarcodeEANSUPP,5
com.itextpdf.text.pdf.PdfDictionary,3
com.itextpdf.text.SplitCharacter,3
com.itextpdf.text.pdf.interfaces.PdfEncryptionSettings,1
com.itextpdf.text.pdf.codec.JBIG2Image,3
com.itextpdf.text.pdf.codec.Base64$InputStream,3
com.itextpdf.text.pdf.codec.TIFFField,0
com.itextpdf.text.pdf.MultiColumnText$ColumnDef,3
com.itextpdf.text.pdf.CFFFont$DictOffsetItem,3
com.itextpdf.text.pdf.codec.TIFFDirectory,3
com.itextpdf.text.exceptions.IllegalPdfSyntaxException,0
com.itextpdf.text.pdf.PdfNameTree,3
com.itextpdf.text.pdf.ExtraEncoding,0
com.itextpdf.text.pdf.events.IndexEvents,5
com.itextpdf.text.pdf.PdfCopy$RefKey,4
com.itextpdf.text.pdf.PdfSignature,3
com.itextpdf.text.pdf.parser.PdfContentStreamProcessor$SetTextHorizontalScaling,10
com.itextpdf.text.pdf.events.IndexEvents$Entry,5
com.itextpdf.text.pdf.PdfTransparencyGroup,3
com.itextpdf.text.pdf.hyphenation.CharVector,0
com.itextpdf.text.pdf.OutputStreamCounter,0
com.itextpdf.text.pdf.PdfWriter,3
com.itextpdf.text.pdf.parser.PdfContentStreamProcessor$TextSetTextMatrix,10
com.itextpdf.text.pdf.Pfm2afm,3
com.itextpdf.text.pdf.codec.wmf.Point,0
com.itextpdf.text.pdf.codec.TIFFFaxDecoder,3
com.itextpdf.text.BadElementException,1
com.itextpdf.text.MarkedObject,3
com.itextpdf.text.pdf.FontMapper,3
com.itextpdf.text.pdf.parser.PdfContentStreamProcessor$BeginText,10
com.itextpdf.text.pdf.PdfCopyFieldsImp,3
com.itextpdf.text.pdf.Type3Font,5
com.itextpdf.text.pdf.DefaultFontMapper$BaseFontParameters,3
com.itextpdf.text.pdf.PdfDocument$Destination,3
com.itextpdf.text.Chunk,3
com.itextpdf.text.pdf.PdfBoolean,3
com.itextpdf.text.pdf.AcroFields$RevisionStream,3
com.itextpdf.text.pdf.richmedia.RichMediaInstance,5
com.itextpdf.text.ImgJBIG2,3
com.itextpdf.text.pdf.PdfPrinterGraphics2D,3
com.itextpdf.text.PageSize,3
com.itextpdf.text.ZapfDingbatsList,4
com.itextpdf.text.pdf.PdfPageElement,4
com.itextpdf.text.xml.simpleparser.EntitiesToUnicode,0
com.itextpdf.text.pdf.FdfWriter$Wrt,3
com.itextpdf.text.pdf.MappedRandomAccessFile$1,0
com.itextpdf.text.pdf.PdfDocument$PdfCatalog,3
com.itextpdf.text.pdf.EnumerateTTC,3
com.itextpdf.text.pdf.PdfObject,3
com.itextpdf.text.pdf.VerticalText,4
com.itextpdf.text.pdf.PdfException,1
com.itextpdf.text.pdf.parser.InlineImageUtils,6
com.itextpdf.text.pdf.qrcode.BitMatrix,1
com.itextpdf.text.pdf.TrueTypeFont$WindowsMetrics,3
com.itextpdf.text.pdf.XfaForm$Xml2Som,3
com.itextpdf.text.pdf.hyphenation.Hyphenation,0
com.itextpdf.text.pdf.parser.PdfContentStreamProcessor$ShowText,10
com.itextpdf.text.pdf.draw.LineSeparator,5
com.itextpdf.text.pdf.PdfSpotColor,3
com.itextpdf.text.pdf.codec.JBIG2SegmentReader$JBIG2Segment,3
com.itextpdf.text.pdf.PushbuttonField,3
com.itextpdf.text.pdf.BidiOrder,3
com.itextpdf.text.pdf.Barcode128,5
com.itextpdf.text.pdf.events.PdfPCellEventForwarder,3
com.itextpdf.text.DocumentException,0
com.itextpdf.text.pdf.qrcode.ReedSolomonEncoder,1
com.itextpdf.text.pdf.PdfEncodings$Cp437Conversion,3
com.itextpdf.text.pdf.PdfPTableEventSplit,3
com.itextpdf.text.pdf.qrcode.MatrixUtil,6
com.itextpdf.text.pdf.CFFFont$StringItem,3
com.itextpdf.text.pdf.PdfEncodings$1,3
com.itextpdf.text.pdf.PdfLayer,3
com.itextpdf.text.pdf.TextField,3
com.itextpdf.text.pdf.CFFFont$Item,3
com.itextpdf.text.pdf.events.IndexEvents$1,5
com.itextpdf.text.pdf.CJKFont,3
com.itextpdf.text.pdf.PdfReader,3
com.itextpdf.text.pdf.qrcode.Version$ECBlocks,2
com.itextpdf.text.pdf.parser.PdfContentStreamProcessor$ShowTextArray,10
com.itextpdf.text.pdf.PRIndirectReference,3
com.itextpdf.text.html.WebColors,4
com.itextpdf.text.pdf.parser.PdfContentStreamProcessor$EndMarkedContent,10
com.itextpdf.text.pdf.PdfPageEventHelper,4
com.itextpdf.text.pdf.parser.ContentByteUtils,4
com.itextpdf.text.html.simpleparser.HTMLTagProcessor,9
com.itextpdf.text.pdf.interfaces.PdfXConformance,0
com.itextpdf.text.pdf.hyphenation.SimplePatternParser,4
com.itextpdf.text.Chapter,3
com.itextpdf.text.pdf.CFFFont$SubrMarkerItem,3
com.itextpdf.text.pdf.richmedia.RichMediaDeactivation,4
com.itextpdf.text.pdf.codec.LZWCompressor,1
com.itextpdf.text.ListItem,3
com.itextpdf.text.Meta,3
com.itextpdf.text.pdf.crypto.AESCipher,0
com.itextpdf.text.pdf.codec.wmf.MetaBrush,3
com.itextpdf.text.pdf.PdfSmartCopy,5
com.itextpdf.text.pdf.parser.PdfContentStreamProcessor$BeginMarkedContentDictionary,10
com.itextpdf.text.pdf.collection.PdfCollectionField,3
com.itextpdf.text.pdf.PdfPage,3
com.itextpdf.text.pdf.PdfPattern,3
com.itextpdf.text.pdf.internal.PdfViewerPreferencesImp,3
com.itextpdf.text.pdf.interfaces.PdfAnnotations,3
com.itextpdf.text.Font$FontStyle,3
com.itextpdf.text.pdf.PdfStamperImp,3
com.itextpdf.text.pdf.qrcode.CharacterSetECI,0
com.itextpdf.text.pdf.PdfName,3
com.itextpdf.text.Element,3
com.itextpdf.text.pdf.internal.PdfAnnotationsImp,3
com.itextpdf.text.xml.xmp.XmpSchema,0
com.itextpdf.text.pdf.events.FieldPositioningEvents,5
com.itextpdf.text.pdf.parser.PdfContentStreamProcessor$1,10
com.itextpdf.text.DocWriter,3
com.itextpdf.text.pdf.parser.PdfImageObject,5
com.itextpdf.text.pdf.PdfDocument$Indentation,3
com.itextpdf.text.pdf.PdfPKCS7$X509NameTokenizer,3
com.itextpdf.text.Rectangle,3
com.itextpdf.text.pdf.PdfChunk,3
com.itextpdf.text.pdf.XfaForm$Xml2SomTemplate,3
com.itextpdf.text.pdf.codec.TiffWriter$FieldUndefined,2
com.itextpdf.text.xml.simpleparser.SimpleXMLDocHandlerComment,0
com.itextpdf.text.pdf.PdfStructureElement,3
com.itextpdf.text.pdf.codec.PngImage,3
com.itextpdf.text.pdf.parser.PdfContentStreamProcessor$IgnoreXObjectDoHandler,10
com.itextpdf.text.pdf.parser.PdfTextExtractor,12
com.itextpdf.text.pdf.PdfContentByte$GraphicState,3
com.itextpdf.text.pdf.SimpleBookmark,3
com.itextpdf.text.pdf.collection.PdfCollectionSort,3
com.itextpdf.text.pdf.qrcode.WriterException,0
com.itextpdf.text.pdf.CFFFont$IndexBaseItem,3
com.itextpdf.text.pdf.parser.PdfContentStreamProcessor$MoveNextLineAndShowText,10
com.itextpdf.text.pdf.codec.wmf.InputMeta,3
com.itextpdf.text.pdf.PdfContentParser$1,3
com.itextpdf.text.pdf.events.PdfPageEventForwarder,3
com.itextpdf.text.xml.simpleparser.SimpleXMLParser,3
com.itextpdf.text.html.simpleparser.HTMLTagProcessors,9
com.itextpdf.text.pdf.codec.JBIG2SegmentReader$JBIG2Page,3
com.itextpdf.text.pdf.PdfSignatureAppearance$RenderingMode,5
com.itextpdf.text.pdf.codec.wmf.MetaFont,3
com.itextpdf.text.pdf.PdfNumber,3
com.itextpdf.text.pdf.parser.TextExtractionStrategy,10
com.itextpdf.text.pdf.PdfAction,3
com.itextpdf.text.pdf.GlyphList,3
com.itextpdf.text.pdf.PdfWriter$PdfTrailer,3
com.itextpdf.text.pdf.parser.PdfReaderContentParser,11
com.itextpdf.text.pdf.BarcodeDatamatrix$Placement,4
com.itextpdf.text.pdf.PdfEncodings,3
com.itextpdf.text.pdf.PdfPTableEvent,3
com.itextpdf.text.pdf.hyphenation.ByteVector,0
com.itextpdf.text.Phrase,3
com.itextpdf.text.pdf.qrcode.EncodeHintType,0
com.itextpdf.text.pdf.PdfArray,3
com.itextpdf.text.pdf.internal.PdfVersionImp,3
com.itextpdf.text.pdf.PdfGState,3
com.itextpdf.text.pdf.richmedia.RichMediaAnimation,4
com.itextpdf.text.pdf.parser.PdfContentStreamProcessor$SetTextRise,10
com.itextpdf.text.pdf.PdfSigGenericPKCS,4
com.itextpdf.text.pdf.PdfEncryptor,6
com.itextpdf.text.pdf.PdfCopy$StampContent,4
com.itextpdf.text.pdf.parser.RenderFilter,9
com.itextpdf.text.pdf.PdfRendition,3
com.itextpdf.text.pdf.FontSelector,3
com.itextpdf.text.pdf.PdfCopyFormsImp,4
com.itextpdf.text.FontProvider,3
com.itextpdf.text.pdf.StandardDecryption,1
com.itextpdf.text.pdf.codec.TiffWriter$FieldByte,2
com.itextpdf.text.pdf.CFFFont$MarkerItem,3
com.itextpdf.text.pdf.richmedia.RichMediaConfiguration,6
com.itextpdf.text.pdf.CFFFont$UInt8Item,3
com.itextpdf.text.pdf.XfaForm$Stack2,3
com.itextpdf.text.pdf.PdfEncodings$SymbolTTConversion,3
com.itextpdf.text.html.simpleparser.HTMLTagProcessors$11,9
com.itextpdf.text.pdf.BarcodePDF417$SegmentList,4
com.itextpdf.text.html.simpleparser.HTMLTagProcessors$12,9
com.itextpdf.text.pdf.PRAcroForm$FieldInformation,3
com.itextpdf.text.html.simpleparser.HTMLTagProcessors$10,9
com.itextpdf.text.pdf.ICC_Profile,3
com.itextpdf.text.pdf.draw.VerticalPositionMark,4
com.itextpdf.text.xml.simpleparser.EntitiesToSymbol,4
com.itextpdf.text.html.simpleparser.HTMLTagProcessors$13,9
com.itextpdf.text.RectangleReadOnly,3
com.itextpdf.text.html.simpleparser.HTMLTagProcessors$14,9
com.itextpdf.text.pdf.BarcodeDatamatrix,4
com.itextpdf.text.pdf.MultiColumnText,3
com.itextpdf.text.pdf.parser.TaggedPdfReaderTool,12
com.itextpdf.text.pdf.TSAClient,3
com.itextpdf.text.pdf.PdfImage,3
com.itextpdf.text.pdf.parser.Vector,1
com.itextpdf.text.pdf.parser.ImageRenderInfo,6
com.itextpdf.text.xml.xmp.XmpArray,0
com.itextpdf.text.html.simpleparser.HTMLTagProcessors$3,9
com.itextpdf.text.html.simpleparser.HTMLTagProcessors$2,9
com.itextpdf.text.html.simpleparser.HTMLTagProcessors$5,9
com.itextpdf.text.html.simpleparser.HTMLTagProcessors$4,9
com.itextpdf.text.html.simpleparser.HTMLTagProcessors$7,9
com.itextpdf.text.html.simpleparser.HTMLTagProcessors$6,9
com.itextpdf.text.pdf.PdfSigGenericPKCS$PPKMS,4
com.itextpdf.text.pdf.qrcode.BitVector,0
com.itextpdf.text.html.simpleparser.HTMLTagProcessors$9,9
com.itextpdf.text.html.simpleparser.HTMLTagProcessors$8,9
com.itextpdf.text.pdf.PdfPTable,3
com.itextpdf.text.pdf.parser.PdfContentStreamProcessor$SetTextCharacterSpacing,10
com.itextpdf.text.pdf.PdfGraphics2D$1,3
com.itextpdf.text.pdf.hyphenation.Hyphen,0
com.itextpdf.text.html.simpleparser.HTMLTagProcessors$1,9
com.itextpdf.text.pdf.codec.TiffWriter$FieldShort,2
com.itextpdf.text.pdf.hyphenation.TernaryTree$Iterator,1
com.itextpdf.text.pdf.codec.TiffWriter$FieldRational,2
com.itextpdf.text.pdf.FdfWriter,3
com.itextpdf.text.xml.simpleparser.handler.NeverNewLineHandler,1
com.itextpdf.text.xml.xmp.DublinCoreSchema,1
com.itextpdf.text.html.simpleparser.TableWrapper,6
com.itextpdf.text.pdf.hyphenation.Hyphenator,6
com.itextpdf.text.pdf.PdfSignatureAppearance$SignatureEvent,5
com.itextpdf.text.pdf.codec.TIFFLZWDecoder,3
com.itextpdf.text.pdf.hyphenation.HyphenationException,0
com.itextpdf.text.pdf.ByteBuffer,3
com.itextpdf.text.pdf.BaseFont$StreamFont,3
com.itextpdf.text.pdf.fonts.cmaps.CodespaceRange,0
com.itextpdf.text.Document,3
com.itextpdf.text.html.simpleparser.ChainedProperties,6
com.itextpdf.text.pdf.TrueTypeFontSubSet,3
com.itextpdf.text.pdf.qrcode.Version$ECB,2
com.itextpdf.text.pdf.PdfCopy$IndirectReferences,4
com.itextpdf.text.pdf.parser.FilteredTextRenderListener,11
com.itextpdf.text.pdf.parser.PdfContentStreamProcessor$TextMoveNextLine,10
com.itextpdf.text.pdf.PdfPKCS7$X509Name,3
com.itextpdf.text.Paragraph,3
com.itextpdf.text.pdf.CFFFont,3
com.itextpdf.text.pdf.parser.PdfContentStreamProcessor$ImageXObjectDoHandler,10
com.itextpdf.text.pdf.richmedia.RichMediaWindow,5
com.itextpdf.text.factories.RomanNumberFactory$RomanDigit,0
com.itextpdf.text.xml.simpleparser.handler.HTMLNewLineHandler,1
com.itextpdf.text.pdf.qrcode.ByteArray,0
com.itextpdf.text.pdf.PdfIndirectObject,3
com.itextpdf.text.pdf.PdfAnnotation$PdfImportedLink,3
com.itextpdf.text.pdf.PdfContentParser,3
com.itextpdf.text.pdf.ColorDetails,3
com.itextpdf.text.pdf.parser.LocationTextExtractionStrategy$TextChunk,11
com.itextpdf.text.RomanList,4
com.itextpdf.text.html.simpleparser.HTMLWorker,9
com.itextpdf.text.pdf.codec.TIFFConstants,0
com.itextpdf.text.xml.xmp.PdfA1Schema,1
com.itextpdf.text.pdf.PdfDate,3
com.itextpdf.text.pdf.PdfLiteral,3
com.itextpdf.text.pdf.PdfTransition,3
com.itextpdf.text.pdf.BarcodeQRCode,9
com.itextpdf.text.pdf.PdfAnnotation,3
com.itextpdf.text.pdf.codec.JBIG2SegmentReader,3
com.itextpdf.text.pdf.PdfStructureTreeRoot,3
com.itextpdf.text.pdf.PdfSignatureAppearance,5
com.itextpdf.text.pdf.AcroFields$FieldPosition,3
com.itextpdf.text.pdf.codec.Base64$OutputStream,3
com.itextpdf.text.pdf.parser.FilteredRenderListener,10
com.itextpdf.text.ElementListener,3
com.itextpdf.text.pdf.codec.PngImage$NewByteArrayOutputStream,3
com.itextpdf.text.pdf.PdfString,3
com.itextpdf.text.pdf.PdfOutline,3
com.itextpdf.text.pdf.CFFFont$Font,3
com.itextpdf.text.pdf.AsianFontMapper,4
com.itextpdf.text.pdf.interfaces.PdfDocumentActions,3
com.itextpdf.text.pdf.PdfBorderDictionary,3
com.itextpdf.text.html.simpleparser.LinkProcessor,7
com.itextpdf.text.pdf.BaseFont,3
com.itextpdf.text.pdf.IntHashtable,3
com.itextpdf.text.pdf.PdfIndirectReference,3
com.itextpdf.text.Utilities,3
com.itextpdf.text.pdf.hyphenation.HyphenationTree,5
com.itextpdf.text.pdf.CFFFont$IndexOffsetItem,3
com.itextpdf.text.ImgTemplate,3
com.itextpdf.text.pdf.qrcode.Mode,3
com.itextpdf.text.pdf.TrueTypeFont$FontHeader,3
com.itextpdf.text.pdf.qrcode.QRCode,4
com.itextpdf.text.pdf.PdfFormXObject,3
com.itextpdf.text.pdf.parser.MarkedContentInfo,4
com.itextpdf.text.pdf.PdfCopyFields,4
com.itextpdf.text.pdf.PdfPageLabels,3
com.itextpdf.text.pdf.PdfOCProperties,3
com.itextpdf.text.factories.RomanAlphabetFactory,3
com.itextpdf.text.pdf.parser.PdfContentStreamProcessor$SetTextLeading,10
com.itextpdf.text.pdf.richmedia.RichMediaCommand,4
com.itextpdf.text.Font$1,3
com.itextpdf.text.pdf.PdfSmartCopy$ByteStore,5
com.itextpdf.text.pdf.PdfCopy,4
com.itextpdf.text.MarkedSection,3
com.itextpdf.text.pdf.codec.TIFFFaxDecompressor,0
com.itextpdf.text.pdf.fonts.cmaps.CMapParser,5
com.itextpdf.text.pdf.AcroFields$Item,3
com.itextpdf.text.ChapterAutoNumber,3
com.itextpdf.text.pdf.PdfPublicKeyRecipient,0
com.itextpdf.text.BaseColor,3
com.itextpdf.text.factories.RomanNumberFactory,0
com.itextpdf.text.pdf.draw.DrawInterface,3
com.itextpdf.text.Image,3
com.itextpdf.text.pdf.SimpleNamedDestination,3
com.itextpdf.text.pdf.parser.ContentOperator,10
com.itextpdf.text.xml.xmp.XmpWriter,3
com.itextpdf.text.xml.xmp.XmpMMSchema,1
com.itextpdf.text.pdf.Type3Glyph,4
com.itextpdf.text.pdf.parser.PdfContentReaderTool,13
com.itextpdf.text.pdf.PdfPCell,3
com.itextpdf.text.pdf.parser.PdfContentStreamProcessor$PopGraphicsState,10
com.itextpdf.text.pdf.PdfPRow,3
com.itextpdf.text.pdf.BarcodeDatamatrix$ReedSolomon,4
com.itextpdf.text.pdf.PdfDestination,3
com.itextpdf.text.pdf.parser.RenderListener,9
com.itextpdf.text.pdf.MappedRandomAccessFile,0
com.itextpdf.text.exceptions.InvalidPdfException,0
com.itextpdf.text.pdf.PdfPKCS7,3
com.itextpdf.text.pdf.BadPdfFormatException,2
com.itextpdf.text.pdf.PdfSigGenericPKCS$VeriSign,4
com.itextpdf.text.pdf.PdfDashPattern,3
com.itextpdf.text.pdf.XfaForm,3
com.itextpdf.text.pdf.parser.TextMarginFinder,10
com.itextpdf.text.pdf.interfaces.PdfRunDirection,0
com.itextpdf.text.pdf.PdfDocument$PdfInfo,3
com.itextpdf.text.exceptions.BadPasswordException,0
com.itextpdf.text.pdf.codec.CCITTG4Encoder,3
com.itextpdf.text.pdf.codec.BmpImage,3
com.itextpdf.text.pdf.PdfVisibilityExpression,3
com.itextpdf.text.Font$FontFamily,3
com.itextpdf.text.html.simpleparser.ImageProcessor,7
com.itextpdf.text.List,3
com.itextpdf.text.pdf.PdfICCBased,3
com.itextpdf.text.pdf.PdfShadingPattern,3
com.itextpdf.text.pdf.FontDetails,3
com.itextpdf.text.pdf.PdfRectangle,3
com.itextpdf.text.pdf.parser.PdfContentStreamProcessor,10
com.itextpdf.text.pdf.Barcode39,5
com.itextpdf.text.pdf.PdfReader$PageRefs,3
com.itextpdf.text.pdf.PdfWriter$PdfBody,3
com.itextpdf.text.html.simpleparser.ChainedProperties$TagAttributes,6
com.itextpdf.text.pdf.DefaultSplitCharacter,3
com.itextpdf.text.pdf.CMYKColor,3
com.itextpdf.text.pdf.CFFFontSubset,3
com.itextpdf.text.pdf.AcroFields$1,3
com.itextpdf.text.pdf.PdfEFStream,3
com.itextpdf.text.RtfElementInterface,0
com.itextpdf.text.pdf.BaseField,3
com.itextpdf.text.pdf.fonts.cmaps.CMap,4
com.itextpdf.text.pdf.ColumnText,3
com.itextpdf.text.pdf.parser.GraphicsState,7
com.itextpdf.text.pdf.parser.Matrix,0
com.itextpdf.text.pdf.collection.PdfCollectionItem,3
com.itextpdf.text.pdf.DefaultFontMapper,3
com.itextpdf.text.pdf.PdfStamperImp$PageStamp,3
com.itextpdf.text.pdf.PdfPageEvent,3
com.itextpdf.text.pdf.PdfPageLabels$PdfPageLabelFormat,3
com.itextpdf.text.pdf.HyphenationEvent,3
com.itextpdf.text.pdf.RadioCheckField,4
com.itextpdf.text.pdf.qrcode.QRCodeWriter,8
com.itextpdf.text.pdf.PdfStream,3
com.itextpdf.text.ImgWMF,3
com.itextpdf.text.pdf.fonts.cmaps.CMapParser$LiteralName,5
com.itextpdf.text.pdf.ArabicLigaturizer,3
com.itextpdf.text.pdf.codec.LZWStringTable,0
com.itextpdf.text.pdf.parser.PdfContentStreamProcessor$ModifyCurrentTransformationMatrix,10
com.itextpdf.text.pdf.qrcode.GF256,0
com.itextpdf.text.pdf.FdfReader,3
com.itextpdf.text.html.simpleparser.ElementFactory,8
com.itextpdf.text.pdf.CFFFont$IndexMarkerItem,3
com.itextpdf.text.pdf.PdfPublicKeySecurityHandler,3
com.itextpdf.text.pdf.BarcodeCodabar,5
com.itextpdf.text.pdf.BarcodeInter25,5
com.itextpdf.text.pdf.codec.BitFile,0
com.itextpdf.text.LargeElement,3
com.itextpdf.text.pdf.PdfFunction,3
com.itextpdf.text.pdf.XfdfReader,3
com.itextpdf.text.pdf.OutputStreamEncryption,2
com.itextpdf.text.pdf.codec.GifImage,3
com.itextpdf.text.pdf.PdfGraphics2D$FakeComponent,3
com.itextpdf.text.pdf.parser.RegionTextRenderFilter,10
com.itextpdf.text.pdf.qrcode.Encoder,7
com.itextpdf.text.xml.xmp.PdfSchema,3
com.itextpdf.text.ImgRaw,3
com.itextpdf.text.pdf.draw.DottedLineSeparator,6
com.itextpdf.text.pdf.events.PdfPTableEventForwarder,3
com.itextpdf.text.pdf.AcroFields$SorterComparator,3
com.itextpdf.text.html.HtmlUtilities,5
com.itextpdf.text.pdf.PRTokeniser$TokenType,3
com.itextpdf.text.pdf.qrcode.BlockPair,1
com.itextpdf.text.pdf.internal.PolylineShape,3
com.itextpdf.text.pdf.BarcodeDatamatrix$DmParams,4
com.itextpdf.text.pdf.XfaForm$InverseStore,3
com.itextpdf.text.pdf.parser.PdfContentStreamProcessor$SetTextFont,10
com.itextpdf.text.pdf.PdfPatternPainter,3
com.itextpdf.text.pdf.richmedia.RichMediaPosition,4
com.itextpdf.text.pdf.codec.TiffWriter$FieldLong,2
com.itextpdf.text.xml.XMLUtil,0
com.itextpdf.text.DocListener,3
com.itextpdf.text.pdf.codec.wmf.MetaPen,3
com.itextpdf.text.pdf.IntHashtable$IntHashtableIterator,3
com.itextpdf.text.pdf.PdfDocument,3
com.itextpdf.text.pdf.richmedia.CuePoint,4
com.itextpdf.text.pdf.codec.GifImage$GifFrame,3
com.itextpdf.text.pdf.parser.PdfContentStreamProcessor$EndText,10
com.itextpdf.text.pdf.PdfPages,3
com.itextpdf.text.pdf.XfaForm$AcroFieldsSearch,3
com.itextpdf.text.pdf.PdfAppearance,3
com.itextpdf.text.pdf.parser.PdfContentStreamProcessor$BeginMarkedContent,10
com.itextpdf.text.pdf.Type1Font,3
com.itextpdf.text.pdf.PdfPSXObject,3
com.itextpdf.text.Jpeg,3
com.itextpdf.text.pdf.fonts.cmaps.CMapParser$1,5
com.itextpdf.text.pdf.crypto.ARCFOUREncryption,0
com.itextpdf.text.pdf.parser.PdfContentStreamProcessor$FormXObjectDoHandler,10
com.itextpdf.text.pdf.PdfCopyForms,5
com.itextpdf.text.pdf.PdfShading,3
com.itextpdf.text.pdf.parser.LineSegment,2
com.itextpdf.text.pdf.qrcode.GF256Poly,0
com.itextpdf.text.html.simpleparser.CellWrapper,7
com.itextpdf.text.pdf.codec.wmf.MetaDo,3
com.itextpdf.text.xml.simpleparser.IanaEncodings,0
com.itextpdf.text.pdf.TrueTypeFontUnicode,3
com.itextpdf.text.pdf.parser.PdfContentStreamProcessor$MoveNextLineAndShowTextWithSpacing,10
com.itextpdf.text.pdf.qrcode.FormatInformation,1
com.itextpdf.text.Font,3
com.itextpdf.text.pdf.PdfEncodings$WingdingsConversion,3
com.itextpdf.text.pdf.OcspClientBouncyCastle,4
com.itextpdf.text.pdf.PdfGraphics2D$HyperLinkKey,3
com.itextpdf.text.pdf.RandomAccessFileOrArray,3
com.itextpdf.text.pdf.PdfImportedPage,3
com.itextpdf.text.pdf.hyphenation.TernaryTree,1
com.itextpdf.text.pdf.SpotColor,3
com.itextpdf.text.pdf.interfaces.PdfViewerPreferences,3
com.itextpdf.text.xml.simpleparser.SimpleXMLDocHandler,0
com.itextpdf.text.pdf.PdfSigGenericPKCS$PPKLite,4
com.itextpdf.text.pdf.PdfTemplate,3
com.itextpdf.text.pdf.codec.TiffWriter$FieldBase,2
com.itextpdf.text.pdf.PdfFont,3
com.itextpdf.text.pdf.collection.PdfCollectionSchema,3
com.itextpdf.text.GreekList,5
com.itextpdf.text.xml.XmlDomWriter,0
com.itextpdf.text.pdf.parser.SimpleTextExtractionStrategy,11
com.itextpdf.text.factories.GreekAlphabetFactory,4
com.itextpdf.text.pdf.PageResources,3
com.itextpdf.text.pdf.PdfTextArray,3
com.itextpdf.text.pdf.hyphenation.TernaryTree$Iterator$Item,1
com.itextpdf.text.pdf.PdfAcroForm,3
com.itextpdf.text.pdf.interfaces.PdfPageActions,3
com.itextpdf.text.pdf.AcroFields$InstHit,3
com.itextpdf.text.pdf.PdfPCellEvent,3
com.itextpdf.text.xml.xmp.LangAlt,0
com.itextpdf.text.pdf.PdfGraphics2D,3
com.itextpdf.text.pdf.codec.TiffWriter$FieldAscii,2
com.itextpdf.text.pdf.richmedia.RichMediaAnnotation,8
com.itextpdf.text.pdf.PatternColor,3
com.itextpdf.text.html.HtmlEncoder,4
com.itextpdf.text.pdf.BarcodePDF417$Segment,4
com.itextpdf.text.pdf.fonts.cmaps.CMapParser$Operator,5
com.itextpdf.text.pdf.CFFFont$OffsetItem,3
com.itextpdf.text.pdf.PdfReader$1,3
com.itextpdf.text.xml.simpleparser.NewLineHandler,0
com.itextpdf.text.pdf.parser.PdfContentStreamProcessor$Do,10
com.itextpdf.text.pdf.richmedia.RichMediaPresentation,6
com.itextpdf.text.pdf.parser.PdfContentStreamProcessor$IgnoreOperatorContentOperator,10
com.itextpdf.text.pdf.GrayColor,3
com.itextpdf.text.pdf.TrueTypeFont,3
com.itextpdf.text.FontFactory,3
com.itextpdf.text.pdf.parser.InlineImageUtils$InlineImageParseException,6
com.itextpdf.text.pdf.TrueTypeFont$HorizontalHeader,3
com.itextpdf.text.pdf.DocumentFont,3
com.itextpdf.text.pdf.parser.PdfContentStreamProcessor$ProcessGraphicsStateResource,10
com.itextpdf.text.pdf.CFFFont$DictNumberItem,3
com.itextpdf.text.pdf.HyphenationAuto,7
com.itextpdf.text.pdf.parser.PdfContentStreamProcessor$ResourceDictionary,10
com.itextpdf.text.pdf.hyphenation.PatternConsumer,0
com.itextpdf.text.pdf.CFFFont$RangeItem,3
com.itextpdf.text.pdf.parser.PdfContentStreamProcessor$TextMoveStartNextLineWithLeading,10
com.itextpdf.text.pdf.LZWDecoder,3
com.itextpdf.text.pdf.PdfStamper,5
com.itextpdf.text.pdf.parser.PdfContentStreamProcessor$TextMoveStartNextLine,10
com.itextpdf.text.pdf.parser.MarkedContentRenderFilter,10
com.itextpdf.text.Header,3
com.itextpdf.text.SpecialSymbol,3
com.itextpdf.text.pdf.BidiLine,3
com.itextpdf.text.Jpeg2000,3
com.itextpdf.text.pdf.PdfMediaClipData,3
com.itextpdf.text.pdf.PdfLine,3
com.itextpdf.text.pdf.PRAcroForm,3
com.itextpdf.text.ImgCCITT,3
com.itextpdf.text.pdf.codec.Base64,3
com.itextpdf.text.pdf.AcroFields,3
com.itextpdf.text.pdf.BarcodeEAN,5
com.itextpdf.text.pdf.PRStream,3
com.itextpdf.text.pdf.PdfContents,3
com.itextpdf.text.pdf.PdfXConformanceException,0
com.itextpdf.text.pdf.qrcode.ErrorCorrectionLevel,0
com.itextpdf.text.pdf.TSAClientBouncyCastle,4
com.itextpdf.text.pdf.richmedia.RichMediaExecuteAction,5
com.itextpdf.text.ZapfDingbatsNumberList,4
com.itextpdf.text.pdf.ExtendedColor,3
com.itextpdf.text.pdf.parser.PdfContentStreamProcessor$SetTextRenderMode,10
com.itextpdf.text.pdf.PdfWriter$PdfBody$PdfCrossReference,3
com.itextpdf.text.pdf.PdfContentByte,3
com.itextpdf.text.pdf.codec.wmf.MetaState,3

