ClassName, fwbr
com.itextpdf.text.pdf.parser.PdfContentStreamProcessor$SetRGBStroke, -7.5076694952035785
com.itextpdf.text.pdf.codec.TiffWriter$FieldImage, -3.6771168026633485
com.itextpdf.text.pdf.parser.PdfContentStreamProcessor$SetTextWordSpacing, -7.559398311907675
com.itextpdf.text.pdf.internal.PdfXConformanceImp, -12.024766195603737
com.itextpdf.text.pdf.languages.ArabicLigaturizer$charstruct, -0.6010926466820399
com.itextpdf.text.xml.xmp.XmpReader, -6.713845941609723
com.itextpdf.text.xml.xmp.PdfProperties, -4.003535467092679
com.itextpdf.text.pdf.BarcodePostnet, -6.783545019576289
com.itextpdf.text.pdf.security.CRLVerifier, -9.143183095527304
com.itextpdf.text.xml.xmp.XmpBasicProperties, -5.594436452702568
com.itextpdf.text.exceptions.UnsupportedPdfException, -4.431196941801621
com.itextpdf.text.pdf.collection.PdfTargetDictionary, -6.895404738838211
com.itextpdf.text.html.simpleparser.ImageProvider, -5.713850347698026
com.itextpdf.text.pdf.PdfFileSpecification, -10.231565431062197
com.itextpdf.text.pdf.interfaces.PdfVersion, -3.8731892592676895
com.itextpdf.text.pdf.collection.PdfCollection, -7.886181037905841
com.itextpdf.text.pdf.parser.InlineImageInfo, -2.855317631720485
com.itextpdf.text.pdf.security.VerificationException, -1.8664511245377655
com.itextpdf.text.pdf.parser.clipper.Clipper$Direction, -3.013351183452495
com.itextpdf.text.xml.xmp.XmpBasicSchema, -4.847783090383355
com.itextpdf.text.pdf.parser.TextRenderInfo, -7.700573003363538
com.itextpdf.text.Annotation, -3.7546334751815036
com.itextpdf.text.html.HtmlTags, -0.6010926466820399
com.itextpdf.text.pdf.parser.clipper.Clipper, -6.6854139471333
com.itextpdf.text.pdf.SequenceList, 0.045178677027858605
com.itextpdf.text.pdf.StampContent, -9.945906031981352
com.itextpdf.text.pdf.PdfSignatureAppearance$1, -3.347453551783471
com.itextpdf.text.pdf.codec.PngWriter, -1.678337589161264
com.itextpdf.text.io.TempFileCache$ObjectPosition, -3.2360081987288676
com.itextpdf.text.pdf.parser.clipper.Point$DoublePoint, -2.5213683619474874
com.itextpdf.text.Anchor, -8.336585972459408
com.itextpdf.text.pdf.security.XpathConstructor, -0.4440192436043722
com.itextpdf.text.pdf.PdfBody, -5.165853809576106
com.itextpdf.text.pdf.codec.TiffWriter, -4.072360004330779
com.itextpdf.text.pdf.PdfNumberTree, -9.130924686964624
com.itextpdf.xmp.impl.XMPMetaParser, -8.768174898926242
com.itextpdf.text.pdf.PdfLayerMembership, -9.040188888585252
com.itextpdf.text.pdf.StringUtils, -4.0166026886703055
com.itextpdf.text.pdf.fonts.cmaps.AbstractCMap, -4.906881836423237
com.itextpdf.text.pdf.security.CertificateInfo, -7.7700506184882485
com.itextpdf.text.io.IndependentRandomAccessSource, -2.785388987947737
com.itextpdf.text.pdf.parser.XObjectDoHandler, -5.412365382600746
com.itextpdf.text.error_messages.MessageLocalization, -2.032215913253126
com.itextpdf.text.pdf.PdfDeveloperExtension, -6.629659939460183
com.itextpdf.xmp.options.ParseOptions, -1.9676534389905425
com.itextpdf.text.pdf.PdfReaderInstance, -11.35103617222703
com.itextpdf.text.pdf.PdfColor, -7.440291024808477
com.itextpdf.text.pdf.BarcodeEANSUPP, -8.446352570277124
com.itextpdf.text.pdf.PdfDictionary, -6.711729988271166
com.itextpdf.text.SplitCharacter, -3.0789347956512
com.itextpdf.text.pdf.interfaces.PdfEncryptionSettings, -2.7774498305539193
com.itextpdf.text.pdf.codec.JBIG2Image, -8.052287353508321
com.itextpdf.text.pdf.CFFFont$DictOffsetItem, -3.6800274423332398
com.itextpdf.xmp.XMPDateTime, 1.556003921772379
com.itextpdf.text.pdf.ExtraEncoding, 0.10626358846938544
com.itextpdf.text.pdf.PdfSignature, -8.303592815447638
com.itextpdf.text.pdf.parser.PdfContentStreamProcessor$SetTextHorizontalScaling, -7.559398311907675
com.itextpdf.text.pdf.events.IndexEvents$Entry, -2.1886750332344316
com.itextpdf.text.pdf.PdfTransparencyGroup, -6.9826909380502356
com.itextpdf.text.pdf.PdfWriter, -14.463400392378793
com.itextpdf.text.pdf.interfaces.PdfIsoConformance, -0.14253427850709216
com.itextpdf.text.pdf.security.SecurityIDs, -0.6010926466820399
com.itextpdf.text.pdf.parser.PdfContentStreamProcessor$TextSetTextMatrix, -7.682764318671998
com.itextpdf.text.pdf.parser.clipper.Paths$1, -3.347453551783471
com.itextpdf.text.pdf.Pfm2afm, -4.285173639060486
com.itextpdf.text.pdf.codec.wmf.Point, -0.2539796315616957
com.itextpdf.text.pdf.parser.clipper.Path$Maxima, -0.6010926466820399
com.itextpdf.text.BadElementException, -3.7422816247290713
com.itextpdf.text.MarkedObject, -4.356611838629279
com.itextpdf.text.pdf.PdfDiv, -9.240958406232844
com.itextpdf.text.pdf.security.OcspClient, -0.4440192436043722
com.itextpdf.text.pdf.parser.PdfContentStreamProcessor$BeginText, -7.059856793874105
com.itextpdf.text.pdf.PdfCopyFieldsImp, -12.201161076136614
com.itextpdf.text.pdf.security.PdfSignatureBuildProperties, -7.080047804777396
com.itextpdf.text.pdf.fonts.cmaps.CidLocationFromByte, -7.453767250571928
com.itextpdf.text.Chunk, -9.228276202987239
com.itextpdf.awt.geom.Line2D$Float, -6.471958832786536
com.itextpdf.text.pdf.FilterHandlers$Filter_ASCII85DECODE, -8.01527300709927
com.itextpdf.text.xml.simpleparser.EntitiesToUnicode, -0.34643198880206594
com.itextpdf.text.ZapfDingbatsList, -8.556746260028115
com.itextpdf.awt.geom.misc.RenderingHints$KeyValue, -3.0090061518784514
com.itextpdf.text.pdf.MappedRandomAccessFile$1, -0.28236613593281423
com.itextpdf.text.pdf.PdfDocument$PdfCatalog, -10.578886832602963
com.itextpdf.text.pdf.EnumerateTTC, -7.480265409189299
com.itextpdf.text.pdf.PdfException, -3.4171692294119715
com.itextpdf.text.api.WriterOperation, -5.713850347698026
com.itextpdf.text.pdf.qrcode.BitMatrix, -2.462657797779053
com.itextpdf.text.pdf.TrueTypeFont$WindowsMetrics, -0.6010926466820399
com.itextpdf.testutils.CompareTool$SafeEmptyEntityResolver, -2.7454419030056165
com.itextpdf.text.pdf.draw.LineSeparator, -5.525502019112076
com.itextpdf.text.pdf.FilterHandlers$1, -0.7540801391382729
com.itextpdf.text.pdf.PdfSpotColor, -11.088981382687681
com.itextpdf.text.pdf.languages.GlyphRepositioner, -0.4440192436043722
com.itextpdf.text.pdf.parser.clipper.Point$NumberComparator, -2.462208676578301
com.itextpdf.awt.FontMapper, -2.7774498305539193
com.itextpdf.text.pdf.BidiOrder, -2.593997597302418
com.itextpdf.xmp.XMPError, -0.7540801391382729
com.itextpdf.text.pdf.events.PdfPCellEventForwarder, -6.643927558920238
com.itextpdf.awt.geom.PathIterator, 0.46293133013501175
com.itextpdf.testutils.CompareTool$ObjectPath$ArrayPathItem, -5.991759351754034
com.itextpdf.text.pdf.parser.ExtRenderListener, -6.0118208594837865
com.itextpdf.text.pdf.qrcode.MatrixUtil, -6.071734161472357
com.itextpdf.text.pdf.CFFFont$StringItem, -3.4785012601840517
com.itextpdf.text.exceptions.InvalidImageException, -1.0971308331271836
com.itextpdf.text.pdf.parser.PdfContentStreamProcessor$SetCMYKFill, -7.5076694952035785
com.itextpdf.text.pdf.events.IndexEvents$1, -4.3841255602471545
com.itextpdf.xmp.impl.ParseState, -2.548579058300416
com.itextpdf.text.xml.XmlToTxt, -4.695601136596194
com.itextpdf.text.pdf.parser.PdfContentStreamProcessor$SetLineDashPattern, -8.601183584388481
com.itextpdf.text.html.WebColors, -5.150646936995454
com.itextpdf.text.pdf.parser.PdfContentStreamProcessor$EndMarkedContent, -6.168894262561454
com.itextpdf.xmp.properties.XMPPropertyInfo, -3.8731892592676895
com.itextpdf.text.pdf.parser.ContentByteUtils, -8.476106785134245
com.itextpdf.text.pdf.security.TSAClient, 0.10626358846938544
com.itextpdf.text.pdf.security.SecurityConstants, -0.6010926466820399
com.itextpdf.text.io.GetBufferedRandomAccessSource, -2.8560186594222188
com.itextpdf.text.html.simpleparser.HTMLTagProcessor, -4.318776621068297
com.itextpdf.xmp.options.PropertyOptions, -2.8060386063486034
com.itextpdf.xmp.impl.XMPSchemaRegistryImpl$1, -5.362262481799006
com.itextpdf.text.log.SysoCounter, -2.822311263108874
com.itextpdf.text.pdf.fonts.cmaps.CMapToUnicode, -7.632438030245229
com.itextpdf.text.pdf.codec.LZWCompressor, -4.735792849841616
com.itextpdf.text.ListItem, -8.484983714464258
com.itextpdf.text.pdf.interfaces.IPdfStructureElement, -4.318776621068297
com.itextpdf.text.pdf.security.ExternalDecryptionProcess, -4.318776621068297
com.itextpdf.awt.geom.QuadCurve2D, -6.782187649325337
com.itextpdf.text.pdf.parser.clipper.Path$OutPt, -3.8491365245215556
com.itextpdf.text.pdf.PdfPTableBody, -5.0394836375014505
com.itextpdf.text.pdf.security.XmlLocator, -2.528651963577442
com.itextpdf.text.pdf.parser.MultiFilteredRenderListener, -6.427305765086699
com.itextpdf.text.pdf.collection.PdfCollectionField, -8.978014742541479
com.itextpdf.text.pdf.PdfPattern, -10.92665245207997
com.itextpdf.text.pdf.PdfPage, -8.787303996716972
com.itextpdf.text.pdf.security.TSAClientBouncyCastle, -10.48971585267865
com.itextpdf.awt.PdfGraphics2D$HyperLinkKey, -0.20868519211544773
com.itextpdf.text.pdf.parser.PdfContentStreamProcessor$SetColorSpaceStroke, -7.5076694952035785
com.itextpdf.text.pdf.security.RootStoreVerifier, -6.581784278447869
com.itextpdf.text.pdf.PdfName, -6.0999187205278655
com.itextpdf.text.pdf.parser.clipper.ClipperBase, -8.2401749109817
com.itextpdf.text.pdf.internal.PdfAnnotationsImp, -11.298037521570585
com.itextpdf.text.pdf.parser.PdfContentStreamProcessor$1, -0.7540801391382729
com.itextpdf.text.pdf.parser.clipper.PolyTree, -3.2971272633567
com.itextpdf.text.DocWriter, -6.127050595870826
com.itextpdf.text.pdf.parser.PdfImageObject, -11.924466084558867
com.itextpdf.text.pdf.PdfCopy$ImportedPage, -5.672308208296396
com.itextpdf.text.pdf.XfaForm$Xml2SomTemplate, -5.241903576398288
com.itextpdf.text.pdf.security.LtvVerification$CertificateInclusion, -3.013351183452495
com.itextpdf.text.pdf.parser.clipper.Edge$1, -5.045853745375516
com.itextpdf.xmp.options.IteratorOptions, -2.1074643205182406
com.itextpdf.text.pdf.PdfStructureElement, -13.18943490857194
com.itextpdf.text.pdf.parser.PdfContentStreamProcessor$MoveTo, -7.059856793874105
com.itextpdf.text.pdf.security.MakeSignature$CryptoStandard, -3.013351183452495
com.itextpdf.text.pdf.parser.PdfContentStreamProcessor$IgnoreXObjectDoHandler, -6.578734482788999
com.itextpdf.text.pdf.FilterHandlers$Filter_LZWDECODE, -8.067001823803366
com.itextpdf.text.pdf.parser.PdfTextExtractor, -6.813545842607925
com.itextpdf.text.pdf.PdfContentByte$GraphicState, -7.658987253469112
com.itextpdf.text.pdf.collection.PdfCollectionSort, -8.273762359299486
com.itextpdf.text.pdf.qrcode.WriterException, -1.094503502303155
com.itextpdf.text.xml.xmp.XmpMMProperties, -0.6010926466820399
com.itextpdf.text.pdf.CFFFont$IndexBaseItem, -3.6771168026633485
com.itextpdf.text.pdf.security.MakeXmlSignature$EmptyKey, 0.5219471116079321
com.itextpdf.text.pdf.codec.wmf.InputMeta, -4.089905848814794
com.itextpdf.text.html.simpleparser.HTMLTagProcessors, -12.271443646942586
com.itextpdf.xmp.impl.ISO8601Converter, -6.699205024177363
com.itextpdf.awt.geom.Point, -2.015009395574215
com.itextpdf.text.pdf.PdfSignatureAppearance$RenderingMode, -3.013351183452495
com.itextpdf.text.pdf.parser.TextExtractionStrategy, -3.0789347956512
com.itextpdf.text.pdf.PdfAction, -10.824077471542351
com.itextpdf.text.pdf.PdfPTable$ColumnMeasurementState, -3.0082050143257537
com.itextpdf.text.pdf.parser.PdfReaderContentParser, -8.50125959822863
com.itextpdf.text.AccessibleElementId, 0.08965881586024249
com.itextpdf.text.pdf.parser.clipper.ClipperOffset$1, -3.347453551783471
com.itextpdf.text.pdf.PdfCopy$StampContent, -5.931341787701794
com.itextpdf.text.pdf.PdfRendition, -9.218723770855163
com.itextpdf.text.pdf.FontSelector, -9.433295088419388
com.itextpdf.text.FontProvider, -4.318776621068297
com.itextpdf.text.pdf.StandardDecryption, -4.766800648624833
com.itextpdf.text.pdf.codec.TiffWriter$FieldByte, -3.6771168026633485
com.itextpdf.text.pdf.CFFFont$MarkerItem, -5.0778852779304975
com.itextpdf.text.pdf.XfaForm$Stack2, -0.8024271477207137
com.itextpdf.text.pdf.BarcodePDF417$SegmentList, -2.8870264582054355
com.itextpdf.text.pdf.ICC_Profile, -3.862822169406734
com.itextpdf.text.pdf.draw.VerticalPositionMark, -6.2198729149708685
com.itextpdf.text.xml.simpleparser.EntitiesToSymbol, -6.369558281579694
com.itextpdf.text.RectangleReadOnly, -3.9821011703638467
com.itextpdf.text.pdf.BarcodeDatamatrix, -6.6139701846792835
com.itextpdf.text.pdf.PdfImage, -11.323116993686002
com.itextpdf.xmp.impl.XMPIteratorImpl$NodeIteratorChildren, -8.835823591878626
com.itextpdf.text.html.simpleparser.HTMLTagProcessors$3, -4.227052157169487
com.itextpdf.text.html.simpleparser.HTMLTagProcessors$2, -4.3841255602471545
com.itextpdf.text.pdf.ReaderProperties, -3.409679258261781
com.itextpdf.text.html.simpleparser.HTMLTagProcessors$5, -6.973413062270918
com.itextpdf.text.html.simpleparser.HTMLTagProcessors$4, -7.190203001699093
com.itextpdf.text.html.simpleparser.HTMLTagProcessors$7, -5.620167473617424
com.itextpdf.text.pdf.parser.clipper.DefaultClipper$2, -5.045853745375516
com.itextpdf.text.html.simpleparser.HTMLTagProcessors$6, -4.286768693519994
com.itextpdf.text.pdf.parser.clipper.DefaultClipper$1, -5.380357455052443
com.itextpdf.text.html.simpleparser.HTMLTagProcessors$9, -5.555452278520862
com.itextpdf.text.html.simpleparser.HTMLTagProcessors$8, -7.216930196951773
com.itextpdf.text.pdf.parser.clipper.Edge$Side, -3.013351183452495
com.itextpdf.text.pdf.PdfPTable, -10.351147138169242
com.itextpdf.text.pdf.parser.PdfContentStreamProcessor$SetTextCharacterSpacing, -7.559398311907675
com.itextpdf.text.pdf.security.DigestAlgorithms, 0.5655321454081942
com.itextpdf.text.pdf.fonts.cmaps.CMapCidUni, -8.4288100542429
com.itextpdf.text.html.simpleparser.HTMLTagProcessors$1, -4.141708015399962
com.itextpdf.text.pdf.fonts.cmaps.CMapCache, -8.219513924412917
com.itextpdf.testutils.CompareTool$CmpMarkedContentRenderFilter, -7.758093278082414
com.itextpdf.text.pdf.ICachedColorSpace, -4.069978754091819
com.itextpdf.text.TabStop, -4.005596467059417
com.itextpdf.text.pdf.parser.PdfContentStreamProcessor$CurveFourhPointDuplicated, -7.059856793874105
com.itextpdf.text.pdf.fonts.otf.TableHeader, -0.6010926466820399
com.itextpdf.awt.geom.PolylineShape, -1.71506957478472
com.itextpdf.text.xml.xmp.DublinCoreSchema, -5.567089683177821
com.itextpdf.text.pdf.hyphenation.Hyphenator, -4.438317927159234
com.itextpdf.text.pdf.PdfLabColor, -8.880613589222687
com.itextpdf.text.pdf.parser.PathConstructionRenderInfo, -2.368327407910383
com.itextpdf.text.pdf.interfaces.IAlternateDescription, -0.14253427850709216
com.itextpdf.text.pdf.codec.TIFFLZWDecoder, -2.548579058300416
com.itextpdf.text.pdf.hyphenation.HyphenationException, -1.3551727858203129
com.itextpdf.text.pdf.ByteBuffer, -4.179992458042348
com.itextpdf.text.pdf.fonts.cmaps.CMapUniCid, -8.876218125431558
com.itextpdf.text.pdf.PdfDiv$DisplayType, -3.013351183452495
com.itextpdf.text.pdf.fonts.cmaps.CMapSequence, -0.2539796315616957
com.itextpdf.text.pdf.parser.clipper.Path$Join, -4.276533453964935
com.itextpdf.text.Document, -8.413699056475238
com.itextpdf.text.pdf.parser.PdfContentStreamProcessor$SetGrayFill, -7.5076694952035785
com.itextpdf.xmp.impl.Latin1Converter, -3.0406878543905673
com.itextpdf.text.pdf.security.LtvVerification$1, -0.7540801391382729
com.itextpdf.text.pdf.qrcode.Version$ECB, -0.220402079673658
com.itextpdf.text.pdf.PdfCopy$IndirectReferences, -2.72734692975218
com.itextpdf.text.pdf.security.CertificateInfo$X500Name, -8.277602274651315
com.itextpdf.xmp.impl.XMPIteratorImpl, -9.389795774309775
com.itextpdf.text.Paragraph, -9.648171538110608
com.itextpdf.text.pdf.parser.PdfContentStreamProcessor$ImageXObjectDoHandler, -9.482168790968098
com.itextpdf.text.factories.RomanNumberFactory$RomanDigit, -0.6010926466820399
com.itextpdf.text.xml.simpleparser.handler.HTMLNewLineHandler, -3.225796091306626
com.itextpdf.text.api.Spaceable, 0.5968147151561256
com.itextpdf.text.pdf.PdfIndirectObject, -6.731322400327974
com.itextpdf.text.pdf.PdfPTableEventAfterSplit, -5.713850347698026
com.itextpdf.awt.geom.misc.HashCode, 0.9866837465229708
com.itextpdf.text.pdf.parser.Path, -7.204549316000188
com.itextpdf.text.pdf.PdfContentParser, -9.696394113550923
com.itextpdf.text.pdf.ColorDetails, -6.975645137105194
com.itextpdf.text.pdf.parser.LocationTextExtractionStrategy$TextChunk, -4.4364498940290735
com.itextpdf.text.pdf.codec.TIFFConstants, -0.6010926466820399
com.itextpdf.text.pdf.security.CertificateVerifier, -0.16380844048882942
com.itextpdf.text.log.SysoLogger, -3.4464628112955786
com.itextpdf.text.pdf.PdfDate, -3.23677777668881
com.itextpdf.text.pdf.PdfContentByte$UncoloredPattern, -6.797834828726401
com.itextpdf.xmp.impl.ParseRDF, -8.32787380970132
com.itextpdf.xmp.impl.XMPDateTimeImpl, -3.98280778592142
com.itextpdf.text.pdf.XfaXpathConstructor$XdpPackage, -3.013351183452495
com.itextpdf.text.pdf.languages.DevanagariLigaturizer, -3.6771168026633485
com.itextpdf.text.pdf.parser.PdfContentStreamProcessor$SetLineWidth, -7.605026361930739
com.itextpdf.text.pdf.BarcodeQRCode, -9.476260307027568
com.itextpdf.text.pdf.parser.FilteredRenderListener, -6.045082958794681
com.itextpdf.text.pdf.codec.PngImage$NewByteArrayOutputStream, -1.0080597706999685
com.itextpdf.text.pdf.parser.PdfContentStreamProcessor$ClipPath, -5.730365435528465
com.itextpdf.text.pdf.PdfString, -7.880454797992809
com.itextpdf.text.pdf.PdfOutline, -9.071363848420875
com.itextpdf.text.pdf.interfaces.PdfDocumentActions, -5.163567515624268
com.itextpdf.text.pdf.PdfBorderDictionary, -8.673721671077029
com.itextpdf.text.pdf.IntHashtable, -4.883738981410529
com.itextpdf.text.html.simpleparser.LinkProcessor, -4.620261586165577
com.itextpdf.text.Utilities, -3.907898649519676
com.itextpdf.text.io.ByteBufferRandomAccessSource, -4.446692260841999
com.itextpdf.text.pdf.hyphenation.HyphenationTree, -7.220847631600443
com.itextpdf.xmp.XMPMeta, -5.523897859302823
com.itextpdf.text.ImgTemplate, -7.638180109466267
com.itextpdf.text.pdf.qrcode.Mode, -2.2168864076610664
com.itextpdf.text.pdf.qrcode.QRCode, -3.840782573408019
com.itextpdf.text.pdf.parser.MarkedContentInfo, -5.609413170059235
com.itextpdf.text.TabSettings, -2.528087162360915
com.itextpdf.text.pdf.PdfCopyFields, -9.151556132943991
com.itextpdf.awt.geom.Rectangle2D, -6.337083132817
com.itextpdf.text.factories.RomanAlphabetFactory, -2.406795581730742
com.itextpdf.text.pdf.MemoryLimitsAwareOutputStream, -3.6411065973437085
com.itextpdf.text.pdf.parser.PdfContentStreamProcessor$SetLineJoin, -7.605026361930739
com.itextpdf.text.pdf.PdfSmartCopy$ByteStore, -9.040741359110223
com.itextpdf.text.Font$1, -3.347453551783471
com.itextpdf.text.pdf.PdfCopy, -13.88721353891813
com.itextpdf.awt.geom.Rectangle, -6.149930656623096
com.itextpdf.text.pdf.fonts.cmaps.IdentityToUnicode, -5.792329491787621
com.itextpdf.testutils.CompareTool$PngFileFilter, -3.1056851230366975
com.itextpdf.text.pdf.security.ProviderDigest, -4.636776673996016
com.itextpdf.text.BaseColor, -1.0617085864141909
com.itextpdf.text.pdf.draw.DrawInterface, -3.0789347956512
com.itextpdf.text.pdf.parser.PdfContentStreamProcessor$SetCMYKStroke, -7.5076694952035785
com.itextpdf.text.pdf.PdfArtifact$1, -3.347453551783471
com.itextpdf.text.xml.xmp.XmpWriter, -10.00081600292564
com.itextpdf.text.pdf.SimpleNamedDestination, -10.487450709459894
com.itextpdf.xmp.XMPMetaFactory, -8.236259500532437
com.itextpdf.text.pdf.PdfPCell, -9.306155757181807
com.itextpdf.text.pdf.parser.PdfContentStreamProcessor$PopGraphicsState, -6.228610798911961
com.itextpdf.text.pdf.security.LtvVerification$ValidationData, -2.975338915211709
com.itextpdf.text.log.LoggerFactory, -4.157213198175444
com.itextpdf.text.pdf.BarcodeDatamatrix$ReedSolomon, 0.32489323037206147
com.itextpdf.text.pdf.PdfDestination, -8.268690350672362
com.itextpdf.awt.PdfPrinterGraphics2D, -6.376328580137897
com.itextpdf.text.exceptions.InvalidPdfException, -0.7720184378100838
com.itextpdf.text.pdf.security.CrlClientOffline, -4.624347496787012
com.itextpdf.text.pdf.BadPdfFormatException, -4.170527658284463
com.itextpdf.testutils.CompareTool$CompareResult, -4.64252189373589
com.itextpdf.text.pdf.PdfSigLockDictionary, -9.14266016857392
com.itextpdf.awt.geom.CubicCurve2D$Double, -6.14446012897695
com.itextpdf.text.pdf.parser.LocationTextExtractionStrategy$TextChunkLocationDefaultImp, -4.415292888567793
com.itextpdf.awt.geom.gl.Crossing$CubicCurve, -2.656717258277699
com.itextpdf.text.pdf.PdfDashPattern, -6.995603763580015
com.itextpdf.text.pdf.languages.BanglaGlyphRepositioner, -4.4572075476034785
com.itextpdf.text.pdf.parser.TextMarginFinder, -7.174597366348948
com.itextpdf.text.pdf.interfaces.PdfRunDirection, -0.14253427850709216
com.itextpdf.xmp.XMPMetaFactory$1, -1.8634447868810344
com.itextpdf.text.exceptions.BadPasswordException, -1.5979323684054942
com.itextpdf.text.pdf.parser.PdfContentStreamProcessor$CurveFirstPointDuplicated, -7.059856793874105
com.itextpdf.text.pdf.codec.CCITTG4Encoder, -1.4516757442294628
com.itextpdf.text.Font$FontFamily, -3.013351183452495
com.itextpdf.text.pdf.PdfShadingPattern, -9.68365265461752
com.itextpdf.text.pdf.PdfICCBased, -10.028896197617499
com.itextpdf.text.pdf.FontDetails, -11.172949705107289
com.itextpdf.text.pdf.Barcode39, -8.215850513175274
com.itextpdf.text.pdf.MemoryLimitsAwareHandler, -2.018180939398957
com.itextpdf.text.pdf.PdfReader$PageRefs, -10.012351169406196
com.itextpdf.xmp.impl.Utils, -1.7187788990938553
com.itextpdf.awt.geom.Line2D, -5.912547447328543
com.itextpdf.text.pdf.fonts.cmaps.CMapByteCid, -7.937539226902261
com.itextpdf.text.pdf.CMYKColor, -3.2716513986554725
com.itextpdf.text.log.DefaultCounter, -4.931669164626004
com.itextpdf.text.pdf.PdfEFStream, -11.20877903582658
com.itextpdf.text.pdf.fonts.otf.GlyphPositioningTableReader$PosLookupRecord, -0.6010926466820399
com.itextpdf.text.pdf.parser.BezierCurve, -5.412008183890504
com.itextpdf.testutils.CompareTool$CmpPngFileFilter, -3.1056851230366975
com.itextpdf.text.pdf.ColumnText, -12.08076812734338
com.itextpdf.text.pdf.parser.GraphicsState, -5.80654107252504
com.itextpdf.text.pdf.security.CrlClientOnline, -7.160221442868465
com.itextpdf.text.pdf.parser.clipper.PolyNode$NodeType, -3.013351183452495
com.itextpdf.text.pdf.parser.PdfContentStreamProcessor$LineTo, -7.059856793874105
com.itextpdf.text.pdf.parser.Matrix, 0.12777352718368618
com.itextpdf.text.pdf.collection.PdfCollectionItem, -8.941991659297539
com.itextpdf.text.pdf.ArrayBasedStringTokenizer, -0.6562294784386566
com.itextpdf.text.pdf.PdfStamperImp$PageStamp, -8.2667545470591
com.itextpdf.text.pdf.PdfPageEvent, -5.063080880886917
com.itextpdf.text.pdf.internal.PdfIsoKeys, -0.6010926466820399
com.itextpdf.text.pdf.PdfPageLabels$PdfPageLabelFormat, -0.5311640029092919
com.itextpdf.text.pdf.RadioCheckField, -10.442341971317692
com.itextpdf.text.pdf.qrcode.QRCodeWriter, -7.487063386503026
com.itextpdf.text.pdf.PdfStream, -10.190245691967158
com.itextpdf.text.ImgWMF, -9.542340859495013
com.itextpdf.testutils.CompareTool$ObjectPath$DictPathItem, -6.018486547006714
com.itextpdf.text.pdf.codec.LZWStringTable, -0.06741458721742533
com.itextpdf.text.pdf.parser.PdfContentStreamProcessor$ModifyCurrentTransformationMatrix, -8.19036783056769
com.itextpdf.text.io.RandomAccessSourceFactory, -8.61829907483262
com.itextpdf.text.pdf.CFFFont$IndexMarkerItem, -6.171474039462947
com.itextpdf.awt.geom.misc.RenderingHints$KeyImpl, -4.957774309660569
com.itextpdf.text.pdf.security.OcspClientBouncyCastle, -13.649271757735843
com.itextpdf.text.pdf.PdfPublicKeySecurityHandler, -13.204977296960985
com.itextpdf.text.pdf.codec.BitFile, -0.3507482874986463
com.itextpdf.text.pdf.PdfDiv$BorderTopStyle, -3.013351183452495
com.itextpdf.text.LargeElement, -2.528651963577442
com.itextpdf.xmp.impl.ByteBuffer, 0.36279743623300664
com.itextpdf.text.pdf.parser.RegionTextRenderFilter, -8.87169837104203
com.itextpdf.xmp.impl.ParameterAsserts, -5.318089569446413
com.itextpdf.awt.geom.Rectangle2D$Float, -4.25708285621
com.itextpdf.text.ImgRaw, -6.6697756376902175
com.itextpdf.text.pdf.PdfStructTreeController, -10.90251636514248
com.itextpdf.text.pdf.draw.DottedLineSeparator, -5.303611943978404
com.itextpdf.text.pdf.AcroFields$SorterComparator, -2.402492140227794
com.itextpdf.text.pdf.PRTokeniser$TokenType, -3.013351183452495
com.itextpdf.text.html.HtmlUtilities, -3.7290276409915344
com.itextpdf.awt.AsianFontMapper, -6.399177114015096
com.itextpdf.text.pdf.security.EncryptionAlgorithms, -0.4597331938821124
com.itextpdf.text.pdf.XfaForm$InverseStore, -0.5258431109670658
com.itextpdf.text.pdf.PdfPatternPainter, -9.259495074872286
com.itextpdf.text.xml.XMLUtil, 0.4840511542631367
com.itextpdf.text.pdf.codec.TiffWriter$FieldLong, -3.4501147558129333
com.itextpdf.text.DocListener, -3.274609993796747
com.itextpdf.text.pdf.security.LtvVerification, -13.536622504734797
com.itextpdf.text.pdf.fonts.cmaps.CMapParserEx, -8.948322833844559
com.itextpdf.text.pdf.codec.wmf.MetaPen, -5.861413143929046
com.itextpdf.xmp.XMPConst, -0.7540801391382729
com.itextpdf.text.pdf.PdfPages, -9.743408178211197
com.itextpdf.xmp.XMPSchemaRegistry, -3.1942476411455583
com.itextpdf.xmp.impl.XMPNormalizer, -10.48914488055032
com.itextpdf.text.api.Indentable, 0.30305308329351505
com.itextpdf.text.pdf.Type1Font, -11.575773731476731
com.itextpdf.text.pdf.FilterHandlers$Filter_ASCIIHEXDECODE, -8.01527300709927
com.itextpdf.text.pdf.parser.LocationTextExtractionStrategy$TextChunkLocationStrategy, -5.713850347698026
com.itextpdf.text.pdf.PdfShading, -10.504947338823039
com.itextpdf.text.pdf.PdfCopyForms, -9.151556132943991
com.itextpdf.text.pdf.qrcode.GF256Poly, -2.565588727261299
com.itextpdf.text.io.RandomAccessSource, 0.30305308329351505
com.itextpdf.text.pdf.codec.wmf.MetaDo, -10.373827769573806
com.itextpdf.text.WritableDirectElement, -4.609157404993007
com.itextpdf.text.pdf.FontDetails$1, -3.347453551783471
com.itextpdf.text.xml.simpleparser.IanaEncodings, -0.3279941859558785
com.itextpdf.text.pdf.Barcode128$1, -3.347453551783471
com.itextpdf.text.pdf.TrueTypeFontUnicode, -11.552167755243058
com.itextpdf.xmp.XMPDateTimeFactory, -4.6130142125301035
com.itextpdf.text.Font, -6.190753165768758
com.itextpdf.text.pdf.security.SignaturePermissions, -7.01990816192572
com.itextpdf.text.pdf.FilterHandlers$Filter_FLATEDECODE, -8.067001823803366
com.itextpdf.text.pdf.hyphenation.TernaryTree, -3.7154467314871216
com.itextpdf.text.xml.simpleparser.SimpleXMLDocHandler, 0.46293133013501175
com.itextpdf.text.pdf.interfaces.PdfViewerPreferences, -4.318776621068297
com.itextpdf.text.pdf.security.ExternalBlankSignatureContainer, -6.379928557177495
com.itextpdf.xmp.impl.XMPNode$1, -2.89675966127115
com.itextpdf.text.pdf.parser.clipper.Clipper$ClipType, -3.013351183452495
com.itextpdf.text.pdf.parser.clipper.ClipperBase$Scanbeam, -3.2360081987288676
com.itextpdf.xmp.impl.XMPNode, -3.264288547539075
com.itextpdf.text.pdf.security.PdfPKCS7, -13.635385017913727
com.itextpdf.text.pdf.codec.TiffWriter$FieldBase, -1.6318987755309524
com.itextpdf.text.GreekList, -8.307219875522803
com.itextpdf.text.xml.XmlDomWriter, 0.21795064375730683
com.itextpdf.text.pdf.parser.clipper.Clipper$EndType, -3.013351183452495
com.itextpdf.text.pdf.parser.SimpleTextExtractionStrategy, -6.677461566483248
com.itextpdf.text.xml.xmp.XmpReader$SafeEmptyEntityResolver, -2.7454419030056165
com.itextpdf.text.pdf.hyphenation.TernaryTree$Iterator$Item, -2.669056586719001
com.itextpdf.awt.geom.QuadCurve2D$Float, -6.38730702563811
com.itextpdf.text.pdf.PdfPCellEvent, -5.713850347698026
com.itextpdf.text.pdf.AcroFields$InstHit, -3.225796091306626
com.itextpdf.text.pdf.parser.PdfContentStreamProcessor$SetColorStroke, -8.01527300709927
com.itextpdf.text.pdf.PatternColor, -4.8214261455836365
com.itextpdf.text.html.HtmlEncoder, -2.6249889050619557
com.itextpdf.text.pdf.CFFFont$OffsetItem, -2.8147128324457693
com.itextpdf.awt.geom.GeneralPath, -9.011802543267443
com.itextpdf.text.pdf.parser.PdfContentStreamProcessor$Do, -6.921684245566822
com.itextpdf.text.pdf.GrayColor, -3.1705754608761145
com.itextpdf.text.pdf.TrueTypeFont, -10.401599296925264
com.itextpdf.text.pdf.parser.GlyphRenderListener, -5.252265547755132
com.itextpdf.text.FontFactory, -4.708765370210244
com.itextpdf.text.pdf.parser.LineDashPattern$DashArrayElem, -2.6472164396404545
com.itextpdf.text.pdf.PdfPTableHeader, -4.837753026169344
com.itextpdf.text.pdf.interfaces.IAccessibleElement, -4.457544657347739
com.itextpdf.xmp.properties.XMPAliasInfo, -2.3318624687533123
com.itextpdf.text.pdf.parser.InlineImageUtils$InlineImageParseException, -1.5979323684054942
com.itextpdf.text.pdf.TrueTypeFont$HorizontalHeader, -0.6010926466820399
com.itextpdf.xmp.properties.XMPProperty, -2.528651963577442
com.itextpdf.text.pdf.CFFFont$DictNumberItem, -3.367055907129448
com.itextpdf.text.pdf.parser.PdfContentStreamProcessor$ResourceDictionary, -6.397200705510853
com.itextpdf.text.pdf.PdfArtifact$ArtifactType, -3.013351183452495
com.itextpdf.xmp.impl.CountOutputStream, -0.5915820398353914
com.itextpdf.text.ListLabel, -5.032016624394095
com.itextpdf.text.pdf.languages.HebrewProcessor, -4.340729585058367
com.itextpdf.text.io.GroupedRandomAccessSource, -3.2374411176807794
com.itextpdf.text.pdf.PdfPTableFooter, -4.837753026169344
com.itextpdf.text.pdf.hyphenation.PatternConsumer, 0.10626358846938544
com.itextpdf.text.pdf.FloatLayout, -11.127654577200792
com.itextpdf.text.TabStop$Alignment, -3.013351183452495
com.itextpdf.text.pdf.CFFFont$RangeItem, -6.1590448622539435
com.itextpdf.text.pdf.parser.PdfContentStreamProcessor$TextMoveStartNextLineWithLeading, -8.163118506973008
com.itextpdf.text.pdf.parser.PdfContentStreamProcessor$TextMoveStartNextLine, -7.7474795137685595
com.itextpdf.text.pdf.parser.GlyphTextRenderListener, -6.171474039462947
com.itextpdf.xmp.impl.xpath.XMPPath, -2.967464012476822
com.itextpdf.text.Jpeg2000, -8.160521062370869
com.itextpdf.text.pdf.PdfLine, -7.270088841909143
com.itextpdf.text.pdf.fonts.otf.GlyphPositioningTableReader$MarkRecord, -0.6010926466820399
com.itextpdf.text.pdf.parser.PdfImageObject$TrackingFilter, -6.911449006011762
com.itextpdf.text.pdf.PdfContents, -11.542122482335365
com.itextpdf.text.pdf.PdfXConformanceException, -4.170527658284463
com.itextpdf.text.pdf.parser.PdfContentStreamProcessor$SetRGBFill, -7.5076694952035785
com.itextpdf.awt.geom.gl.Crossing$QuadCurve, -2.698945256344551
com.itextpdf.text.pdf.parser.Shape, -0.4440192436043722
com.itextpdf.text.pdf.parser.LocationTextExtractionStrategy$TextChunkLocation, -1.6529208506311805
com.itextpdf.text.pdf.parser.PdfContentStreamProcessor$SetTextRenderMode, -7.559398311907675
com.itextpdf.text.pdf.parser.PdfContentStreamProcessor$SetMiterLimit, -7.605026361930739
com.itextpdf.text.pdf.PdfWriter$PdfBody$PdfCrossReference, -2.618587377917745
com.itextpdf.text.pdf.PdfContentByte, -12.249061027540057
com.itextpdf.text.pdf.codec.wmf.MetaState, -6.242660726732065
com.itextpdf.text.ExceptionConverter, -0.7065822147411698
com.itextpdf.text.io.RASInputStream, -3.426772443479955
com.itextpdf.text.pdf.qrcode.Version, -5.98607786781364
com.itextpdf.text.Jpeg2000$ZeroBoxSizeException, -4.092289605205092
com.itextpdf.text.pdf.parser.clipper.Paths, -8.34518383565823
com.itextpdf.xmp.impl.XMPSerializerHelper, -6.982184005316209
com.itextpdf.text.pdf.codec.wmf.MetaObject, 0.4298227109605415
com.itextpdf.text.log.NoOpCounter, -2.402492140227794
com.itextpdf.text.pdf.PdfSigLockDictionary$LockPermissions, -4.430630264430909
com.itextpdf.text.pdf.parser.LocationTextExtractionStrategy, -8.169408920430381
com.itextpdf.text.pdf.fonts.FontsResourceAnchor, -0.6010926466820399
com.itextpdf.text.pdf.security.LtvVerifier, -12.195317114340938
com.itextpdf.text.TextElementArray, -3.0789347956512
com.itextpdf.text.pdf.CMapAwareDocumentFont, -12.81749418384438
com.itextpdf.text.pdf.IntHashtable$Entry, -0.10477070614665474
com.itextpdf.text.pdf.PdfEncodings$SymbolConversion, -4.428353248719813
com.itextpdf.text.pdf.ShadingColor, -5.146538540900736
com.itextpdf.text.pdf.qrcode.ByteMatrix, 0.11884645778405933
com.itextpdf.text.pdf.qrcode.BitArray, 0.2462707719455437
com.itextpdf.text.pdf.parser.PdfContentStreamProcessor$PushGraphicsState, -7.019041112293983
com.itextpdf.text.html.simpleparser.ImageStore, -1.3551727858203129
com.itextpdf.text.pdf.codec.TiffImage, -10.884353034026395
com.itextpdf.text.pdf.PdfOCG, -4.318776621068297
com.itextpdf.text.pdf.CFFFont$UInt16Item, -3.2469449388595195
com.itextpdf.text.pdf.security.MakeSignature, -13.230611610656869
com.itextpdf.text.FontFactoryImp, -7.878705121500396
com.itextpdf.text.pdf.parser.LocationTextExtractionStrategy$TextChunkFilter, -3.0789347956512
com.itextpdf.text.Section, -9.534890475961245
com.itextpdf.awt.geom.GeneralPath$Iterator, -6.185499035170598
com.itextpdf.text.pdf.PdfLister, -8.824880172014637
com.itextpdf.awt.geom.Line2D$Double, -6.470608657658277
com.itextpdf.text.pdf.CFFFont$UInt32Item, -3.2469449388595195
com.itextpdf.text.pdf.parser.clipper.Path, -5.413304221933982
com.itextpdf.text.pdf.crypto.IVGenerator, -2.864246748990621
com.itextpdf.testutils.CompareTool$ObjectPath$Pair, -2.9856638395454738
com.itextpdf.text.pdf.qrcode.MaskUtil, -3.7996050891028252
com.itextpdf.text.pdf.languages.IndicCompositeCharacterComparator, -0.11052635095878927
com.itextpdf.text.pdf.PRTokeniser, -5.801215475942593
com.itextpdf.xmp.options.Options, -0.5511476119927726
com.itextpdf.awt.geom.Point2D$Float, -3.1434387431987343
com.itextpdf.text.pdf.qrcode.ReedSolomonException, -1.3551727858203129
com.itextpdf.text.pdf.PdfNull, -3.0562042991151097
com.itextpdf.text.io.ArrayRandomAccessSource, -2.785388987947737
com.itextpdf.xmp.XMPPathFactory, -6.131389345638001
com.itextpdf.text.pdf.PdfPTable$FittingRows, -4.864479748548165
com.itextpdf.text.pdf.BarcodePDF417, -7.0058340159029235
com.itextpdf.text.pdf.PdfBorderArray, -7.2832176217308096
com.itextpdf.text.html.simpleparser.StyleSheet, -5.707401917701048
com.itextpdf.xmp.XMPVersionInfo, 0.5968147151561256
com.itextpdf.text.pdf.Barcode, -4.965378158380363
com.itextpdf.xmp.options.AliasOptions, -4.6004407150531685
com.itextpdf.text.pdf.parser.PathPaintingRenderInfo, -5.11991494022724
com.itextpdf.text.pdf.XfaForm$Xml2SomDatasets, -5.511190723160095
com.itextpdf.text.pdf.PdfEncryption, -10.366128669084533
com.itextpdf.text.pdf.CFFFont$UInt24Item, -3.2469449388595195
com.itextpdf.text.pdf.PdfFormField, -10.021499430026932
com.itextpdf.text.pdf.PdfCopy$PageStamp, -12.133664911739519
com.itextpdf.text.pdf.PdfResources, -6.546409630925894
com.itextpdf.text.pdf.LongHashtable, -4.883738981410529
com.itextpdf.text.pdf.parser.clipper.Clipper$PolyFillType, -3.013351183452495
com.itextpdf.awt.geom.misc.Messages, 0.5160106889661443
com.itextpdf.text.pdf.PdfIsoConformanceException, -1.0121506895712367
com.itextpdf.awt.geom.Rectangle2D$Iterator, -6.321961178713129
com.itextpdf.text.pdf.codec.Base64$InputStream, -5.05573071103155
com.itextpdf.text.pdf.codec.TIFFField, 0.6219093898016166
com.itextpdf.xmp.options.SerializeOptions, -2.7318348073825227
com.itextpdf.text.pdf.DeviceNColor, -7.124275493250054
com.itextpdf.text.pdf.codec.TIFFDirectory, -3.8097041044475586
com.itextpdf.text.exceptions.IllegalPdfSyntaxException, -1.7962813897547942
com.itextpdf.text.pdf.security.CrlClient, -0.4440192436043722
com.itextpdf.text.pdf.PdfNameTree, -9.479640809985959
com.itextpdf.text.pdf.events.IndexEvents, -7.833918585877479
com.itextpdf.text.pdf.parser.LocationTextExtractionStrategy$1, -7.9196415319387565
com.itextpdf.text.pdf.hyphenation.CharVector, -2.283698044480947
com.itextpdf.text.pdf.OutputStreamCounter, -0.4102080430080399
com.itextpdf.awt.DefaultFontMapper, -5.375842387416754
com.itextpdf.xmp.impl.QName, -0.18739571106204655
com.itextpdf.text.Jpeg2000$ColorSpecBox, -0.4249922127544199
com.itextpdf.text.pdf.crypto.AESCipherCBCnoPad, -7.697284385252782
com.itextpdf.text.pdf.PdfArtifact, -7.654902863869887
com.itextpdf.text.pdf.codec.TIFFFaxDecoder, -3.2241806385544005
com.itextpdf.text.io.FileChannelRandomAccessSource, -4.5087908029912
com.itextpdf.text.pdf.PdfDiv$PositionType, -3.013351183452495
com.itextpdf.text.pdf.IPdfSpecialColorSpace, -4.620261586165577
com.itextpdf.text.pdf.Type3Font, -10.417419840467224
com.itextpdf.text.pdf.parser.clipper.PolyNode, -3.7305328909270274
com.itextpdf.text.pdf.PdfDocument$Destination, -6.719177094635212
com.itextpdf.text.pdf.security.PrivateKeySignature, -4.706605207917798
com.itextpdf.text.pdf.PdfBoolean, -5.932042815403527
com.itextpdf.text.pdf.FilterHandlers$Filter_RUNLENGTHDECODE, -7.605026361930739
com.itextpdf.text.ImgJBIG2, -3.3593484121979897
com.itextpdf.text.pdf.NumberArray, -6.266925285631859
com.itextpdf.text.io.GroupedRandomAccessSource$SourceEntry, -3.0954498834816375
com.itextpdf.text.pdf.parser.PdfImageObject$1, -0.7540801391382729
com.itextpdf.text.PageSize, -5.767178215409649
com.itextpdf.text.pdf.PdfPageElement, -2.7774498305539193
com.itextpdf.text.pdf.FdfWriter$Wrt, -12.147860910422027
com.itextpdf.text.pdf.security.CertificateUtil, -10.295421072489154
com.itextpdf.testutils.CompareTool, -12.536447382798466
com.itextpdf.awt.geom.CubicCurve2D, -6.7157598110345145
com.itextpdf.text.pdf.PdfObject, -3.668233864817516
com.itextpdf.text.pdf.VerticalText, -8.156228247654681
com.itextpdf.text.pdf.security.LtvVerification$CertificateOption, -3.013351183452495
com.itextpdf.text.pdf.parser.InlineImageUtils, -9.960031771267554
com.itextpdf.text.pdf.XfaForm$Xml2Som, -2.7054117420804027
com.itextpdf.text.pdf.hyphenation.Hyphenation, -0.1521479140558596
com.itextpdf.text.pdf.parser.PdfContentStreamProcessor$ShowText, -6.921684245566822
com.itextpdf.text.pdf.FilterHandlers$FilterHandler, -5.713850347698026
com.itextpdf.text.log.Logger, -1.7332832032823693
com.itextpdf.text.pdf.codec.JBIG2SegmentReader$JBIG2Segment, -0.10029111140372948
com.itextpdf.text.pdf.PushbuttonField, -11.588142710143593
com.itextpdf.text.pdf.Barcode128, -8.515827660835338
com.itextpdf.text.DocumentException, -0.16343917529967145
com.itextpdf.text.pdf.parser.PdfContentStreamProcessor$SetGrayStroke, -7.5076694952035785
com.itextpdf.testutils.CompareTool$CmpTaggedPdfReaderTool, -10.543411529027999
com.itextpdf.text.pdf.qrcode.ReedSolomonEncoder, -4.8928662529192835
com.itextpdf.text.pdf.PdfEncodings$Cp437Conversion, -5.0616461133397275
com.itextpdf.text.pdf.PdfPTableEventSplit, -4.620261586165577
com.itextpdf.text.pdf.PdfEncodings$1, -0.7540801391382729
com.itextpdf.text.pdf.PdfLayer, -9.102988827044868
com.itextpdf.text.pdf.TextField, -11.354226917123102
com.itextpdf.text.pdf.CFFFont$Item, 1.3771771460748004
com.itextpdf.text.pdf.PdfReader, -12.460600285798122
com.itextpdf.text.pdf.CJKFont, -10.771798741048206
com.itextpdf.text.pdf.qrcode.Version$ECBlocks, -2.6159015766975764
com.itextpdf.text.pdf.parser.PdfContentStreamProcessor$ShowTextArray, -8.671813255862963
com.itextpdf.text.pdf.PRIndirectReference, -7.204713047521441
com.itextpdf.text.pdf.PdfPageEventHelper, -5.202690317062689
com.itextpdf.text.io.RAFRandomAccessSource, -2.8560186594222188
com.itextpdf.text.pdf.languages.IndicLigaturizer, -1.8586688556414988
com.itextpdf.text.pdf.fonts.otf.FontReadingException, -1.094503502303155
com.itextpdf.text.pdf.interfaces.PdfXConformance, -2.528651963577442
com.itextpdf.text.pdf.parser.clipper.Clipper$ZFillCallback, -3.0789347956512
com.itextpdf.text.pdf.LabColor, -6.9395791743088715
com.itextpdf.text.pdf.hyphenation.SimplePatternParser, -6.066622081054061
com.itextpdf.awt.geom.AffineTransform, -7.114190395778264
com.itextpdf.text.pdf.languages.LanguageProcessor, -0.14253427850709216
com.itextpdf.text.pdf.parser.PdfContentStreamProcessor$CloseSubpath, -6.168894262561454
com.itextpdf.text.pdf.CFFFont$SubrMarkerItem, -6.171474039462947
com.itextpdf.text.Chapter, -4.8529716401126155
com.itextpdf.awt.geom.Point2D$Double, -3.228172070037168
com.itextpdf.text.Meta, -4.154200617161355
com.itextpdf.text.pdf.crypto.AESCipher, -8.575742516475495
com.itextpdf.text.pdf.MemoryLimitsAwareException, -1.5979323684054942
com.itextpdf.awt.geom.QuadCurve2D$Iterator, -6.367589228736192
com.itextpdf.awt.PdfGraphics2D, -9.604112372731667
com.itextpdf.text.pdf.codec.wmf.MetaBrush, -5.820597462348924
com.itextpdf.text.pdf.PdfSmartCopy, -13.573709620657704
com.itextpdf.text.pdf.security.ExternalSignature, 0.10626358846938544
com.itextpdf.text.pdf.parser.clipper.Clipper$PolyType, -3.013351183452495
com.itextpdf.text.pdf.parser.PdfContentStreamProcessor$BeginMarkedContentDictionary, -8.354872633122303
com.itextpdf.xmp.impl.xpath.XMPPathParser, -8.42532743866122
com.itextpdf.text.pdf.internal.PdfViewerPreferencesImp, -7.853834377116229
com.itextpdf.text.pdf.interfaces.PdfAnnotations, -4.966778020800139
com.itextpdf.text.Font$FontStyle, -2.848487792336408
com.itextpdf.text.pdf.PdfStamperImp, -15.50140386692894
com.itextpdf.text.pdf.qrcode.CharacterSetECI, 0.4994730174654751
com.itextpdf.text.Element, -2.0381008368907017
com.itextpdf.text.pdf.PdfDiv$FloatType, -3.013351183452495
com.itextpdf.awt.PdfGraphics2D$Kid, -3.2360081987288676
com.itextpdf.text.xml.xmp.XmpSchema, -4.958928638183474
com.itextpdf.text.pdf.events.FieldPositioningEvents, -11.318265845393753
com.itextpdf.awt.geom.CubicCurve2D$Iterator, -6.408404910316315
com.itextpdf.text.pdf.PdfDocument$Indentation, -0.6010926466820399
com.itextpdf.text.Rectangle, -4.291111487292621
com.itextpdf.text.pdf.PdfChunk, -8.4812672279927
com.itextpdf.text.pdf.codec.TiffWriter$FieldUndefined, -3.6771168026633485
com.itextpdf.text.xml.simpleparser.SimpleXMLDocHandlerComment, -0.4440192436043722
com.itextpdf.text.pdf.parser.PdfContentStreamProcessor$SetLineCap, -7.605026361930739
com.itextpdf.text.xml.xmp.DublinCoreProperties, -5.198011647281857
com.itextpdf.text.pdf.PdfConcatenate, -7.427371125985727
com.itextpdf.text.pdf.security.MakeXmlSignature, -9.45800210060409
com.itextpdf.text.pdf.codec.PngImage, -9.996484343642106
com.itextpdf.xmp.XMPUtils, -6.8029071689212754
com.itextpdf.awt.geom.QuadCurve2D$Double, -6.360639963995453
com.itextpdf.text.pdf.SimpleBookmark, -11.244001965575961
com.itextpdf.awt.geom.IllegalPathStateException, -1.3372630848883365
com.itextpdf.text.pdf.parser.PdfContentStreamProcessor$MoveNextLineAndShowText, -7.402038433867832
com.itextpdf.text.pdf.PdfContentParser$1, -3.347453551783471
com.itextpdf.text.pdf.events.PdfPageEventForwarder, -6.692674580072904
com.itextpdf.text.xml.simpleparser.SimpleXMLParser, -8.166959175235563
com.itextpdf.text.pdf.codec.JBIG2SegmentReader$JBIG2Page, -4.8928662529192835
com.itextpdf.text.log.CounterFactory, -4.1980440487920765
com.itextpdf.text.pdf.codec.wmf.MetaFont, -8.500304355089108
com.itextpdf.text.pdf.PdfNumber, -5.642882717194956
com.itextpdf.text.pdf.GlyphList, -5.878341344949374
com.itextpdf.text.pdf.PdfWriter$PdfTrailer, -9.518226090670824
com.itextpdf.text.pdf.PdfEncodings, -8.809429069456172
com.itextpdf.text.pdf.PdfPTableEvent, -4.620261586165577
com.itextpdf.text.pdf.BarcodeDatamatrix$Placement, 0.27002713213634333
com.itextpdf.text.pdf.hyphenation.ByteVector, 0.2977600079402738
com.itextpdf.text.Phrase, -9.105041217870896
com.itextpdf.text.pdf.qrcode.EncodeHintType, -0.2539796315616957
com.itextpdf.text.pdf.PdfArray, -7.60311091420862
com.itextpdf.xmp.impl.FixASCIIControlsReader, -4.079860427996088
com.itextpdf.text.io.StreamUtil, -2.740029532959575
com.itextpdf.text.pdf.internal.PdfVersionImp, -8.064652968119123
com.itextpdf.text.pdf.PdfGState, -7.196219209242236
com.itextpdf.text.pdf.parser.PdfContentStreamProcessor$SetTextRise, -7.559398311907675
com.itextpdf.text.pdf.PdfEncryptor, -7.1716741940568935
com.itextpdf.text.pdf.parser.clipper.ClipperOffset, -9.987421771981685
com.itextpdf.text.pdf.parser.RenderFilter, -3.6411315305977707
com.itextpdf.text.pdf.parser.clipper.Edge, -7.054669904758064
com.itextpdf.text.pdf.FilterHandlers$Filter_DoNothing, -6.791338037741833
com.itextpdf.xmp.impl.XMPSerializerRDF, -8.71957553304896
com.itextpdf.text.pdf.PdfCopyFormsImp, -9.101941161110997
com.itextpdf.xmp.impl.XMPIteratorImpl$NodeIterator$1, -7.773139416545947
com.itextpdf.text.pdf.security.BouncyCastleDigest, -10.86870389014092
com.itextpdf.text.pdf.CFFFont$UInt8Item, -3.2469449388595195
com.itextpdf.text.pdf.PdfEncodings$SymbolTTConversion, -3.870384415503861
com.itextpdf.text.html.simpleparser.HTMLTagProcessors$11, -7.328375550006376
com.itextpdf.text.pdf.PRAcroForm$FieldInformation, -6.22774220227396
com.itextpdf.text.html.simpleparser.HTMLTagProcessors$12, -5.648876211184714
com.itextpdf.text.pdf.parser.clipper.LongRect, -0.10029111140372948
com.itextpdf.text.html.simpleparser.HTMLTagProcessors$10, -5.432086271756539
com.itextpdf.text.html.simpleparser.HTMLTagProcessors$13, -7.190203001699093
com.itextpdf.text.html.simpleparser.HTMLTagProcessors$14, -6.325967665639122
com.itextpdf.text.pdf.parser.TaggedPdfReaderTool, -9.894091645854381
com.itextpdf.awt.geom.misc.RenderingHints$Key, 0.6418254522856669
com.itextpdf.text.pdf.parser.Vector, -2.4172860342182796
com.itextpdf.text.pdf.parser.ImageRenderInfo, -8.900440494169677
com.itextpdf.text.xml.xmp.XmpArray, -4.431438032811845
com.itextpdf.text.pdf.qrcode.BitVector, 0.12266518447185426
com.itextpdf.text.pdf.hyphenation.Hyphen, -0.48892083580592915
com.itextpdf.text.pdf.fonts.otf.GlyphPositioningTableReader, -7.927312500596205
com.itextpdf.text.io.PagedChannelRandomAccessSource$MRU, -0.8306905578247801
com.itextpdf.text.pdf.codec.TiffWriter$FieldShort, -3.4501147558129333
com.itextpdf.text.pdf.PdfStructTreeController$returnType, -3.013351183452495
com.itextpdf.text.pdf.hyphenation.TernaryTree$Iterator, -5.421005567696298
com.itextpdf.awt.geom.Dimension2D, 0.7837545621659425
com.itextpdf.text.log.Counter, 0.10626358846938544
com.itextpdf.text.pdf.security.ExternalSignatureContainer, -2.7774498305539193
com.itextpdf.text.pdf.AcroFields$ContentsChecker, -11.06515208011197
com.itextpdf.text.pdf.codec.TiffWriter$FieldRational, -3.3300037875430046
com.itextpdf.text.pdf.FdfWriter, -10.757328165428783
com.itextpdf.text.xml.simpleparser.handler.NeverNewLineHandler, -2.888895183608523
com.itextpdf.text.html.simpleparser.TableWrapper, -6.437049928145068
com.itextpdf.xmp.impl.XMPIteratorImpl$NodeIterator, -7.089212590918068
com.itextpdf.text.pdf.PdfSignatureAppearance$SignatureEvent, -3.0789347956512
com.itextpdf.text.pdf.security.CertificateVerification, -8.002042856326565
com.itextpdf.text.pdf.BaseFont$StreamFont, -8.638688174156268
com.itextpdf.text.pdf.fonts.otf.GlyphSubstitutionTableReader, -7.31311250933615
com.itextpdf.text.html.simpleparser.ChainedProperties, -4.5207052785197686
com.itextpdf.awt.geom.FlatteningPathIterator, -5.675458986371691
com.itextpdf.text.pdf.TrueTypeFontSubSet, -6.485363052829367
com.itextpdf.text.pdf.security.OCSPVerifier, -13.051374831317746
com.itextpdf.text.pdf.parser.FilteredTextRenderListener, -7.019727383322465
com.itextpdf.text.pdf.parser.PdfContentStreamProcessor$TextMoveNextLine, -8.126196231811871
com.itextpdf.xmp.impl.xpath.PathPosition, -0.6010926466820399
com.itextpdf.text.pdf.CFFFont, -9.43798826935967
com.itextpdf.text.pdf.qrcode.ByteArray, 0.22513039391084688
com.itextpdf.awt.geom.misc.RenderingHints, -5.041989478842865
com.itextpdf.text.pdf.PdfAnnotation$PdfImportedLink, -9.577561945552128
com.itextpdf.text.RomanList, -7.913423454107299
com.itextpdf.awt.DefaultFontMapper$BaseFontParameters, -0.6010926466820399
com.itextpdf.text.html.simpleparser.HTMLWorker, -11.411271389893553
com.itextpdf.text.pdf.languages.IndicGlyphRepositioner, -3.816595620082862
com.itextpdf.text.pdf.parser.clipper.DefaultClipper, -10.444296792721934
com.itextpdf.awt.geom.Line2D$Iterator, -6.321961178713129
com.itextpdf.text.pdf.PdfLiteral, -5.0955338883888714
com.itextpdf.text.pdf.parser.PdfContentStreamProcessor$EndPath, -5.610254467258536
com.itextpdf.text.pdf.PdfTransition, -5.866326080442106
com.itextpdf.xmp.impl.XMPMetaImpl$1, -6.305480159015219
com.itextpdf.xmp.impl.XMPMetaImpl$2, -6.037370821640815
com.itextpdf.text.pdf.PdfAnnotation, -11.257525884969697
com.itextpdf.text.pdf.codec.JBIG2SegmentReader, -6.078848159008464
com.itextpdf.text.pdf.fonts.cmaps.CMapCidByte, -7.0850361628547205
com.itextpdf.text.pdf.parser.LineDashPattern, -5.142057576909968
com.itextpdf.text.pdf.PdfStructureTreeRoot, -9.191874981587635
com.itextpdf.text.pdf.PdfSignatureAppearance, -12.293926711155368
com.itextpdf.text.pdf.codec.Base64$OutputStream, -5.010867273827641
com.itextpdf.text.pdf.AcroFields$FieldPosition, -3.2360081987288676
com.itextpdf.text.ElementListener, -4.620261586165577
com.itextpdf.text.pdf.parser.clipper.DefaultClipper$IntersectNode, -5.943966122369756
com.itextpdf.text.pdf.CFFFont$Font, -3.2360081987288676
com.itextpdf.awt.geom.gl.Crossing, -6.224627568826458
com.itextpdf.text.pdf.BaseFont, -8.617989848228211
com.itextpdf.text.pdf.PdfIndirectReference, -5.167761172476805
com.itextpdf.text.io.MappedChannelRandomAccessSource, -5.480722104046805
com.itextpdf.text.pdf.CFFFont$IndexOffsetItem, -3.553482933682262
com.itextpdf.text.pdf.TrueTypeFont$FontHeader, -0.6010926466820399
com.itextpdf.text.pdf.PdfFormXObject, -12.247922674357063
com.itextpdf.text.pdf.PdfPageLabels, -9.642072621698953
com.itextpdf.text.pdf.parser.Line, -5.330524138329164
com.itextpdf.text.pdf.PdfOCProperties, -3.99008833786714
com.itextpdf.text.pdf.parser.PdfContentStreamProcessor$SetTextLeading, -7.559398311907675
com.itextpdf.testutils.ITextTest, -3.452447733810037
com.itextpdf.text.xml.xmp.XmpReader$1, -0.7540801391382729
com.itextpdf.testutils.CompareTool$ImageNameComparator, -2.7454419030056165
com.itextpdf.text.pdf.XfaXpathConstructor$1, -3.347453551783471
com.itextpdf.awt.geom.Dimension, -4.034792727529553
com.itextpdf.text.MarkedSection, -7.985758794098635
com.itextpdf.text.pdf.codec.TIFFFaxDecompressor, 0.8241576577144448
com.itextpdf.awt.geom.PolylineShapeIterator, -4.268673720266557
com.itextpdf.text.pdf.AcroFields$Item, -5.708324857409226
com.itextpdf.text.ChapterAutoNumber, -7.4829055110464395
com.itextpdf.awt.geom.Rectangle2D$Double, -2.6726396648393944
com.itextpdf.text.pdf.PdfPublicKeyRecipient, -0.012300887593627019
com.itextpdf.text.factories.RomanNumberFactory, -2.3297583798670702
com.itextpdf.text.Image, -11.175480383522268
com.itextpdf.text.pdf.parser.ContentOperator, -4.620261586165577
com.itextpdf.text.xml.xmp.XmpMMSchema, -4.431196941801621
com.itextpdf.text.pdf.Type3Glyph, -9.101140128035468
com.itextpdf.text.pdf.security.LtvVerification$Level, -3.013351183452495
com.itextpdf.text.pdf.parser.PdfContentReaderTool, -9.381416068521512
com.itextpdf.text.pdf.security.KeyStoreUtil, -3.0139606591378874
com.itextpdf.text.pdf.PdfPRow, -10.496668766050435
com.itextpdf.testutils.CompareTool$ObjectPath, -7.846317762408662
com.itextpdf.text.pdf.parser.RenderListener, -3.8731892592676895
com.itextpdf.text.pdf.MappedRandomAccessFile, -2.233185236212983
com.itextpdf.text.pdf.fonts.otf.Language, -2.9262257490776666
com.itextpdf.text.pdf.languages.ArabicLigaturizer, -5.002967388379018
com.itextpdf.text.log.Level, -3.013351183452495
com.itextpdf.awt.geom.CubicCurve2D$Float, -6.1566201988236715
com.itextpdf.text.pdf.parser.clipper.Clipper$JoinType, -3.013351183452495
com.itextpdf.text.TabSplitCharacter, -4.156422485695006
com.itextpdf.awt.geom.Point2D, -0.8922131888284125
com.itextpdf.text.pdf.XfaForm, -10.15797785152367
com.itextpdf.text.pdf.fonts.cmaps.CidResource, -8.644034983262623
com.itextpdf.text.pdf.security.CertificateInfo$X509NameTokenizer, -0.5595505072804106
com.itextpdf.text.pdf.PdfDocument$PdfInfo, -7.400825062938551
com.itextpdf.xmp.impl.XMPNodeUtils, -8.867606173791966
com.itextpdf.text.pdf.codec.BmpImage, -8.284635061950247
com.itextpdf.text.pdf.PdfVisibilityExpression, -7.763210788008701
com.itextpdf.text.html.simpleparser.ImageProcessor, -5.713850347698026
com.itextpdf.text.List, -7.203927133649979
com.itextpdf.text.pdf.PdfStructTreeController$1, -3.347453551783471
com.itextpdf.text.pdf.PdfRectangle, -6.380103487900098
com.itextpdf.text.pdf.parser.PdfContentStreamProcessor, -15.48265014221641
com.itextpdf.text.pdf.security.LtvTimestamp, -10.136711306612964
com.itextpdf.text.Version, 0.521186003618932
com.itextpdf.text.pdf.PdfWriter$PdfBody, -9.312762579668837
com.itextpdf.text.pdf.TtfUnicodeWriter, -11.473973658742818
com.itextpdf.text.pdf.DefaultSplitCharacter, -3.8542485532970145
com.itextpdf.text.html.simpleparser.ChainedProperties$TagAttributes, -0.6010926466820399
com.itextpdf.text.pdf.CFFFontSubset, -10.117018835922027
com.itextpdf.text.pdf.AcroFields$1, -0.7540801391382729
com.itextpdf.text.pdf.BaseField, -6.990303849632244
com.itextpdf.text.pdf.RefKey, -4.425747123344225
com.itextpdf.xmp.impl.XMPUtilsImpl, -9.76996130481478
com.itextpdf.text.pdf.security.VerificationOK, -0.7290530875670818
com.itextpdf.text.TabStop$1, -3.347453551783471
com.itextpdf.text.pdf.security.SignaturePermissions$FieldLock, -5.609413170059235
com.itextpdf.text.pdf.HyphenationEvent, -2.528651963577442
com.itextpdf.text.pdf.PdfPHeaderCell, -4.779270792856506
com.itextpdf.text.pdf.parser.clipper.ClipperBase$LocalMinima, -4.777334989243244
com.itextpdf.text.pdf.qrcode.GF256, -1.9174013851187315
com.itextpdf.text.pdf.FdfReader, -9.546944203223536
com.itextpdf.text.pdf.parser.clipper.Point$LongPoint, -2.304738015041839
com.itextpdf.text.html.simpleparser.ElementFactory, -10.682903171427212
com.itextpdf.text.pdf.Barcode128$Barcode128CodeSet, -4.3870816211303065
com.itextpdf.text.pdf.BarcodeCodabar, -8.44246673959894
com.itextpdf.text.pdf.BarcodeInter25, -8.22565839597218
com.itextpdf.text.pdf.PdfFunction, -9.476260307027568
com.itextpdf.text.log.NoOpLogger, -3.227955037458903
com.itextpdf.text.pdf.XfdfReader, -4.645229472286116
com.itextpdf.text.pdf.OutputStreamEncryption, -6.356686199645549
com.itextpdf.text.pdf.codec.GifImage, -8.806777092404154
com.itextpdf.text.pdf.XfaForm$SafeEmptyEntityResolver, -2.7454419030056165
com.itextpdf.text.pdf.qrcode.Encoder, -9.685475112586252
com.itextpdf.text.xml.xmp.PdfSchema, -5.296081076892594
com.itextpdf.text.pdf.events.PdfPTableEventForwarder, -7.704689983223368
com.itextpdf.awt.geom.RectangularShape, -6.927779950419516
com.itextpdf.text.pdf.qrcode.BlockPair, -2.855317631720485
com.itextpdf.text.pdf.BarcodeDatamatrix$DmParams, -0.6010926466820399
com.itextpdf.text.pdf.fonts.otf.OpenTypeFontTableReader, -6.782682293566804
com.itextpdf.text.pdf.parser.PdfContentStreamProcessor$SetTextFont, -10.100682532265512
com.itextpdf.text.pdf.Glyph, -0.4330059986294329
com.itextpdf.text.pdf.IntHashtable$IntHashtableIterator, -4.0070110651519215
com.itextpdf.text.pdf.PdfDocument, -15.216278388694777
com.itextpdf.text.pdf.parser.PdfContentStreamProcessor$PaintPath, -5.730365435528465
com.itextpdf.text.pdf.codec.GifImage$GifFrame, -3.2360081987288676
com.itextpdf.text.pdf.parser.PdfContentStreamProcessor$EndText, -6.973413062270918
com.itextpdf.text.io.PagedChannelRandomAccessSource, -6.237738574997621
com.itextpdf.xmp.impl.Base64, 0.5198828739219802
com.itextpdf.text.pdf.security.SignaturePolicyInfo, -10.303594465721032
com.itextpdf.text.pdf.parser.clipper.Point$1, -0.7540801391382729
com.itextpdf.awt.PdfGraphics2D$FakeComponent, -3.3300037875430046
com.itextpdf.text.pdf.XfaForm$AcroFieldsSearch, -5.207909252559314
com.itextpdf.text.pdf.PdfAppearance, -11.408929154569963
com.itextpdf.text.pdf.parser.PdfContentStreamProcessor$BeginMarkedContent, -7.559398311907675
com.itextpdf.text.pdf.PdfPSXObject, -9.871778260328108
com.itextpdf.text.Jpeg, -7.287993202043534
com.itextpdf.xmp.XMPIterator, -0.14253427850709216
com.itextpdf.text.io.ByteBufferRandomAccessSource$1, -0.28236613593281423
com.itextpdf.text.io.TempFileCache, -4.7114922560919315
com.itextpdf.text.pdf.XfaXpathConstructor, -5.717936258319461
com.itextpdf.text.pdf.parser.PdfContentStreamProcessor$Rectangle, -7.059856793874105
com.itextpdf.text.pdf.crypto.ARCFOUREncryption, 0.6109183705200787
com.itextpdf.text.pdf.parser.PdfContentStreamProcessor$FormXObjectDoHandler, -11.221384666140265
com.itextpdf.text.pdf.security.PdfSignatureAppDictionary, -7.2832176217308096
com.itextpdf.text.pdf.security.TSAInfoBouncyCastle, -3.0789347956512
com.itextpdf.text.pdf.parser.LineSegment, -5.448706213402193
com.itextpdf.text.pdf.parser.Subpath, -5.836839527843337
com.itextpdf.text.pdf.PdfSigLockDictionary$LockAction, -4.389814582850787
com.itextpdf.text.html.simpleparser.CellWrapper, -7.723452528887276
com.itextpdf.text.pdf.parser.PdfContentStreamProcessor$MoveNextLineAndShowTextWithSpacing, -9.081537772689492
com.itextpdf.text.pdf.qrcode.FormatInformation, -1.9913727490795818
com.itextpdf.text.pdf.PdfEncodings$WingdingsConversion, -3.7990440487920765
com.itextpdf.text.pdf.RandomAccessFileOrArray, -4.835809657036049
com.itextpdf.text.pdf.PdfImportedPage, -9.878228459572362
com.itextpdf.testutils.CompareTool$ObjectPath$PathItem, -3.5061976950608065
com.itextpdf.text.pdf.SpotColor, -6.304730886957826
com.itextpdf.awt.geom.NoninvertibleTransformException, -1.3551727858203129
com.itextpdf.testutils.CompareTool$1, -0.7540801391382729
com.itextpdf.text.io.MapFailedException, -1.7958214530632841
com.itextpdf.text.pdf.PdfTemplate, -9.062782782428542
com.itextpdf.xmp.impl.XMPSchemaRegistryImpl, -8.60450462817579
com.itextpdf.text.pdf.PdfFont, -3.473252691585649
com.itextpdf.text.pdf.collection.PdfCollectionSchema, -7.2832176217308096
com.itextpdf.text.pdf.XfaXmlLocator, -9.846441997699356
com.itextpdf.text.factories.GreekAlphabetFactory, -2.3698733065696054
com.itextpdf.text.pdf.PageResources, -6.792459270736053
com.itextpdf.text.pdf.PdfTextArray, -2.832676347089241
com.itextpdf.text.pdf.interfaces.PdfPageActions, -6.0118208594837865
com.itextpdf.text.pdf.PdfAcroForm, -11.226118091286512
com.itextpdf.text.pdf.parser.PdfContentStreamProcessor$SetColorFill, -8.01527300709927
com.itextpdf.text.pdf.LongHashtable$LongHashtableIterator, -4.0070110651519215
com.itextpdf.text.xml.xmp.LangAlt, -3.57227346616248
com.itextpdf.text.pdf.codec.TiffWriter$FieldAscii, -3.875005887321138
com.itextpdf.awt.geom.Shape, -5.829163193192385
com.itextpdf.text.pdf.FilterHandlers$Filter_CCITTFAXDECODE, -10.226748136559962
com.itextpdf.text.pdf.parser.PdfContentStreamProcessor$Curve, -7.059856793874105
com.itextpdf.text.pdf.BarcodePDF417$Segment, -0.6010926466820399
com.itextpdf.text.pdf.PdfReader$1, -3.347453551783471
com.itextpdf.text.pdf.XmlSignatureAppearance, -5.5371121375528505
com.itextpdf.text.xml.simpleparser.NewLineHandler, -0.4440192436043722
com.itextpdf.text.pdf.parser.clipper.Path$OutRec, -5.420304539994564
com.itextpdf.text.pdf.parser.PdfContentStreamProcessor$IgnoreOperatorContentOperator, -6.098264591086973
com.itextpdf.text.pdf.XfaForm$1, -0.7540801391382729
com.itextpdf.xmp.impl.XMPMetaImpl, -9.54872718807142
com.itextpdf.text.pdf.parser.PdfImageObject$ImageBytesType, -2.848487792336408
com.itextpdf.text.ListBody, -5.922735643936446
com.itextpdf.text.pdf.DocumentFont, -11.549464056614315
com.itextpdf.testutils.CompareToolUtil, 0.3189667864768516
com.itextpdf.text.pdf.parser.PdfContentStreamProcessor$ProcessGraphicsStateResource, -10.74858612764987
com.itextpdf.text.pdf.HyphenationAuto, -6.38744626120214
com.itextpdf.text.io.WindowRandomAccessSource, -2.758354728535397
com.itextpdf.text.pdf.PdfDeviceNColor, -11.453679788343923
com.itextpdf.text.pdf.PdfStamper, -12.97451232848597
com.itextpdf.text.pdf.LZWDecoder, -4.145341781634763
com.itextpdf.text.pdf.parser.MarkedContentRenderFilter, -5.0778852779304975
com.itextpdf.testutils.CompareTool$ObjectPath$OffsetPathItem, -5.991759351754034
com.itextpdf.text.Header, -3.607188158890601
com.itextpdf.text.SpecialSymbol, -6.213896328616917
com.itextpdf.text.pdf.FilterHandlers, -10.62353858088216
com.itextpdf.text.pdf.BidiLine, -10.679696942934036
com.itextpdf.text.pdf.parser.clipper.Point, -4.736671876958414
com.itextpdf.text.pdf.PdfMediaClipData, -9.2556460460163
com.itextpdf.text.pdf.fonts.cmaps.CidLocation, -3.0789347956512
com.itextpdf.xmp.impl.xpath.XMPPathSegment, 0.8620953951556241
com.itextpdf.text.pdf.PRAcroForm, -8.932296250203018
com.itextpdf.text.ImgCCITT, -7.55173637786308
com.itextpdf.text.pdf.codec.Base64, -2.744462082149058
com.itextpdf.text.pdf.parser.PdfContentStreamProcessor$SetColorSpaceFill, -7.5076694952035785
com.itextpdf.text.pdf.AcroFields, -13.602130519253928
com.itextpdf.text.pdf.PRStream, -9.115897757044548
com.itextpdf.text.pdf.BarcodeEAN, -7.890272431796084
com.itextpdf.awt.PdfGraphics2D$1, -0.7540801391382729
com.itextpdf.text.pdf.LongHashtable$Entry, -0.10477070614665474
com.itextpdf.text.pdf.qrcode.ErrorCorrectionLevel, 0.4886588158602425
com.itextpdf.xmp.XMPException, -1.045111890286412
com.itextpdf.text.ZapfDingbatsNumberList, -8.230209680800114
com.itextpdf.text.pdf.ExtendedColor, -1.882266739721024
com.itextpdf.text.pdf.security.ExternalDigest, -0.4440192436043722
com.itextpdf.text.pdf.languages.GujaratiLigaturizer, -3.6771168026633485
